상가업소번호|상호명|지점명|상권업종대분류코드|상권업종대분류명|상권업종중분류코드|상권업종중분류명|상권업종소분류코드|상권업종소분류명|표준산업분류코드|표준산업분류명|시도코드|시도명|시군구코드|시군구명|행정동코드|행정동명|법정동코드|법정동명|지번코드|대지구분코드|대지구분명|지번본번지|지번부번지|지번주소|도로명코드|도로명|건물본번지|건물부번지|건물관리번호|건물명|도로명주소|구우편번호|신우편번호|동정보|층정보|호정보|경도|위도
23402967|김영희해물찜전골|경복궁점|Q|음식|Q03|일식/수산물|Q03A08|매운탕전문|I56111|한식 음식점업|11|서울특별시|11110|종로구|1111053000|사직동|1111011300|필운동|1111011300202070000|1|대지|207||서울특별시 종로구 필운동 207|111103100005|서울특별시 종로구 사직로|103|17|1111011300102070003027631||서울특별시 종로구 사직로 103-17|110044|03041||1||126.970295358169|37.5763148270682
20382833|레더라경희궁점|경희궁점|Q|음식|Q09|유흥주점|Q09A08|빠/카페/스탠드빠|I56211|일반유흥 주점업|11|서울특별시|11110|종로구|1111053000|사직동|1111011300|필운동|1111011300202890000|1|대지|289||서울특별시 종로구 필운동 289|111104100135|서울특별시 종로구 사직로8길|5||1111011300102890000000001|제이앤제이빌딩|서울특별시 종로구 사직로8길 5|110044|03169||1||126.96949288005|37.5753977744994
20675855|아담집||Q|음식|Q04|분식|Q04A01|라면김밥분식|I56194|분식 및 김밥 전문점|11|서울특별시|11110|종로구|1111053000|사직동|1111011300|필운동|1111011300202040002|1|대지|204|2|서울특별시 종로구 필운동 204-2|111104100272|서울특별시 종로구 자하문로1길|35||1111011300102040002027644||서울특별시 종로구 자하문로1길 35|110044|03041||1||126.970213638804|37.5764943220798
23376947|대장장이화덕피자||Q|음식|Q07|패스트푸드|Q07A01|피자전문|I56192|피자, 햄버거, 샌드위치 및 유사 음식점업|11|서울특별시|11110|종로구|1111053000|사직동|1111011300|필운동|1111011300201710006|1|대지|171|6|서울특별시 종로구 필운동 171-6|111102100002|서울특별시 종로구 필운대로|16|1|1111011300101710006027117||서울특별시 종로구 필운대로 16-1|110044|03041||1||126.969518562929|37.5776415866206
25285062|BLOOMIN||D|소매|D02|선물/팬시/기념품|D02A02|꽃집/꽃배달|G47851|화초 및 산식물 소매업|11|서울특별시|11110|종로구|1111053000|사직동|1111011300|필운동|1111011300201870000|1|대지|187||서울특별시 종로구 필운동 187|111104100272|서울특별시 종로구 자하문로1길|50||1111011300101870000028629||서울특별시 종로구 자하문로1길 50|110044|03041||1||126.969687096979|37.5769132159797
25221638|온오프에듀||R|학문/교육|R09|학원기타|R09A01|학원(종합)|P85501|일반 교과 학원|11|서울특별시|11110|종로구|1111053000|사직동|1111011300|필운동|1111011300200120000|1|대지|12||서울특별시 종로구 필운동 12|111104100524|서울특별시 종로구 필운대로1길|34||1111010900101500000029936|배화여자대학|서울특별시 종로구 필운대로1길 34|110735|03039||3||126.96727348371|37.579532168777
21892195|전통순대국||Q|음식|Q10|별식/퓨전요리|Q10A05|순대전문점|I56111|한식 음식점업|11|서울특별시|11110|종로구|1111053000|사직동|1111011300|필운동|1111011300201380000|1|대지|138||서울특별시 종로구 필운동 138|111102100002|서울특별시 종로구 필운대로|3||1111011300101380000028695||서울특별시 종로구 필운대로 3|110044|03027||1||126.969002676905|37.5764657309939
22326137|배화여자대학사직어린이집||R|학문/교육|R08|유아교육|R08A02|어린이집|Q87210|보육시설 운영업|11|서울특별시|11110|종로구|1111053000|사직동|1111011300|필운동|1111011300200880002|1|대지|88|2|서울특별시 종로구 필운동 88-2|111104100524|서울특별시 종로구 필운대로1길|16|8|1111011300100880002027129|사직어린이집|서울특별시 종로구 필운대로1길 16-8|110044|03039||||126.968685748866|37.5781028537806
20573806|양마니.kr||Q|음식|Q01|한식|Q01A01|한식/백반/한정식|I56111|한식 음식점업|11|서울특별시|11110|종로구|1111061500|종로1.2.3.4가동|1111013300|익선동|1111013300200580002|1|대지|58|2|서울특별시 종로구 익선동 58-2|111104100147|서울특별시 종로구 삼일대로32길|58||1111013300100580002013505||서울특별시 종로구 삼일대로32길 58|110340|03132||1||126.990208613345|37.5755137265749
20592261|모아||Q|음식|Q03|일식/수산물|Q03A02|음식점-일식|I56113|일식 음식점업|11|서울특별시|11110|종로구|1111061500|종로1.2.3.4가동|1111013300|익선동|1111013300200060000|1|대지|6||서울특별시 종로구 익선동 6|111104100147|서울특별시 종로구 삼일대로32길|32|2|1111013300100060000015599||서울특별시 종로구 삼일대로32길 32-2|110340|03132||||126.988694827099|37.5752755073877
20788111|상희||F|생활서비스|F01|이/미용/건강|F01A01|여성미용실|S96112|두발미용업|11|서울특별시|11110|종로구|1111061500|종로1.2.3.4가동|1111013300|익선동|1111013300201270005|1|대지|127|5|서울특별시 종로구 익선동 127-5|111104100145|서울특별시 종로구 삼일대로30길|36||1111013300101270005013574||서울특별시 종로구 삼일대로30길 36|110340|03133||1||126.989626322853|37.5742022346032
24092487|원흥상회||D|소매|D06|가방/신발/액세서리|D06A07|양품점|G47419|기타 섬유, 직물 및 의복액세서리 소매업|11|서울특별시|11110|종로구|1111061500|종로1.2.3.4가동|1111013300|익선동|1111013300201250002|1|대지|125|2|서울특별시 종로구 익선동 125-2|111104100145|서울특별시 종로구 삼일대로30길|42||1111013300101250002013478||서울특별시 종로구 삼일대로30길 42|110340|03133||1||126.989965784612|37.5742141499966
21787507|이쁜이한복||D|소매|D05|의복의류|D05A10|한복/갈옷/민속옷|G47412|한복 소매업|11|서울특별시|11110|종로구|1111061500|종로1.2.3.4가동|1111013300|익선동|1111013300200940003|1|대지|94|3|서울특별시 종로구 익선동 94-3|111104100145|서울특별시 종로구 삼일대로30길|41||1111013300100940003015114||서울특별시 종로구 삼일대로30길 41|110340|03132||1||126.989896164206|37.5743397000509
22276161|에이스||F|생활서비스|F12|광고/인쇄|F12A05|광고물제작-종합|C33910|간판 및 광고물 제조업|11|서울특별시|11110|종로구|1111061500|종로1.2.3.4가동|1111013300|익선동|1111013300200550000|1|대지|55||서울특별시 종로구 익선동 55|111104100050|서울특별시 종로구 돈화문로11가길|59||1111013300100550000032123|현대뜨레비앙|서울특별시 종로구 돈화문로11가길 59|110340|03132||||126.990089572592|37.5751072397657
24422979|종보당||D|소매|D26|시계/귀금속소매|D26A01|시계/귀금속|G47830|시계 및 귀금속 소매업|11|서울특별시|11110|종로구|1111061500|종로1.2.3.4가동|1111015700|인의동|1111015700201120002|1|대지|112|2|서울특별시 종로구 인의동 112-2|111103005008|서울특별시 종로구 창경궁로|109||1111015700101120002000001|세운스퀘어|서울특별시 종로구 창경궁로 109|110410|03137||1||126.997066429388|37.5723374509113
25201715|종로공무원경찰학원||R|학문/교육|R01|학원-보습교습입시|R01A01|학원-입시|P85501|일반 교과 학원|11|서울특별시|11110|종로구|1111061500|종로1.2.3.4가동|1111015700|인의동|1111015700201120002|1|대지|112|2|서울특별시 종로구 인의동 112-2|111103005008|서울특별시 종로구 창경궁로|109||1111015700101120002000001|세운스퀘어|서울특별시 종로구 창경궁로 109|110410|03137||6||126.997066429388|37.5723374509113
23465405|메이플커뮤니케이션즈진주상회||Q|음식|Q01|한식|Q01A01|한식/백반/한정식|I56111|한식 음식점업|11|서울특별시|11110|종로구|1111061500|종로1.2.3.4가동|1111015700|인의동|1111061500200480002|1|대지|48|2|서울특별시 종로구 인의동 48-2|111103100013|서울특별시 종로구 종로|183||1111015700100480002000001|효성주얼리시티|서울특별시 종로구 종로 183|110890|03130||2||126.998369125134|37.5714294483095
22850628|삼화페인트||D|소매|D22|페인트/유리제품소매|D22A01|페인트/유리제품소매|G47519|페인트, 유리 및 기타 건설자재 소매업|11|서울특별시|11110|종로구|1111061500|종로1.2.3.4가동|1111015700|인의동|1111015700200020000|1|대지|2||서울특별시 종로구 인의동 2|111103005008|서울특별시 종로구 창경궁로|134|2|1111015700100020000015185||서울특별시 종로구 창경궁로 134-2|110410|03127||1||126.997743225702|37.5742083555654
24722519|코디젬쥬얼리||D|소매|D26|시계/귀금속소매|D26A01|시계/귀금속|G47830|시계 및 귀금속 소매업|11|서울특별시|11110|종로구|1111061500|종로1.2.3.4가동|1111015700|인의동|1111015700200480002|1|대지|48|2|서울특별시 종로구 인의동 48-2|111103100013|서울특별시 종로구 종로|183||1111015700100480002000001|효성주얼리시티|서울특별시 종로구 종로 183|110890|03130||2||126.998369125134|37.5714294483095
24806318|타임플렉스||D|소매|D26|시계/귀금속소매|D26A01|시계/귀금속|G47830|시계 및 귀금속 소매업|11|서울특별시|11110|종로구|1111061500|종로1.2.3.4가동|1111015700|인의동|1111015700201120002|1|대지|112|2|서울특별시 종로구 인의동 112-2|111103005008|서울특별시 종로구 창경궁로|109||1111015700101120002000001|세운스퀘어|서울특별시 종로구 창경궁로 109|110410|03137||2||126.997066429388|37.5723374509113
24549107|신흥전자||D|소매|D12|가전제품소매|D12A01|일반가전제품|G47320|가전제품 소매업|11|서울특별시|11110|종로구|1111061500|종로1.2.3.4가동|1111015700|인의동|1111015700201120002|1|대지|112|2|서울특별시 종로구 인의동 112-2|111103005008|서울특별시 종로구 창경궁로|109||1111015700101120002000001|세운스퀘어|서울특별시 종로구 창경궁로 109|110410|03137||1||126.997066429388|37.5723374509113
24329294|경진마스컴||D|소매|D12|가전제품소매|D12A01|일반가전제품|G47320|가전제품 소매업|11|서울특별시|11110|종로구|1111061500|종로1.2.3.4가동|1111015700|인의동|1111015700201120002|1|대지|112|2|서울특별시 종로구 인의동 112-2|111103005008|서울특별시 종로구 창경궁로|109||1111015700101120002000001|세운스퀘어|서울특별시 종로구 창경궁로 109|110410|03137||3||126.997066429388|37.5723374509113
24955911|루나||D|소매|D26|시계/귀금속소매|D26A01|시계/귀금속|G47830|시계 및 귀금속 소매업|11|서울특별시|11110|종로구|1111061500|종로1.2.3.4가동|1111015700|인의동|1111015700200480002|1|대지|48|2|서울특별시 종로구 인의동 48-2|111103100013|서울특별시 종로구 종로|183||1111015700100480002000001|효성주얼리시티|서울특별시 종로구 종로 183|110890|03130||1||126.998369125134|37.5714294483095
24994747|에바다주단||D|소매|D05|의복의류|D05A10|한복/갈옷/민속옷|G47412|한복 소매업|11|서울특별시|11110|종로구|1111061500|종로1.2.3.4가동|1111015700|인의동|1111015700200480002|1|대지|48|2|서울특별시 종로구 인의동 48-2|111103100013|서울특별시 종로구 종로|183||1111015700100480002000001|효성주얼리시티|서울특별시 종로구 종로 183|110890|03130||1||126.998369125134|37.5714294483095
24915733|개성상단||D|소매|D07|가정/주방/인테리어|D07A03|침구/수예품|G47411|가정용 직물제품 소매업|11|서울특별시|11110|종로구|1111061500|종로1.2.3.4가동|1111015700|인의동|1111015700200480002|1|대지|48|2|서울특별시 종로구 인의동 48-2|111103100013|서울특별시 종로구 종로|183||1111015700100480002000001|효성주얼리시티|서울특별시 종로구 종로 183|110890|03130||2||126.998369125134|37.5714294483095
24797471|광승전기||D|소매|D07|가정/주방/인테리어|D07A10|조명기구/전기용품|G47591|전기용품 및 조명장치 소매업|11|서울특별시|11110|종로구|1111061500|종로1.2.3.4가동|1111015700|인의동|1111015700201120002|1|대지|112|2|서울특별시 종로구 인의동 112-2|111103005008|서울특별시 종로구 창경궁로|109||1111015700101120002000001|세운스퀘어|서울특별시 종로구 창경궁로 109|110410|03137||1||126.997066429388|37.5723374509113
24720932|우리마트||D|소매|D03|종합소매점|D03A02|수퍼마켓|G47121|슈퍼마켓|11|서울특별시|11110|종로구|1111061500|종로1.2.3.4가동|1111015700|인의동|1111015700201120002|1|대지|112|2|서울특별시 종로구 인의동 112-2|111103005008|서울특별시 종로구 창경궁로|109||1111015700101120002000001|세운스퀘어|서울특별시 종로구 창경궁로 109|110410|03137||1||126.997066429388|37.5723374509113
25183995|꼬르젠||D|소매|D26|시계/귀금속소매|D26A01|시계/귀금속|G47830|시계 및 귀금속 소매업|11|서울특별시|11110|종로구|1111061500|종로1.2.3.4가동|1111015700|인의동|1111015700201120002|1|대지|112|2|서울특별시 종로구 인의동 112-2|111103005008|서울특별시 종로구 창경궁로|109||1111015700101120002000001|세운스퀘어|서울특별시 종로구 창경궁로 109|110410|03137||1||126.997066429388|37.5723374509113
24922318|주얼리편의점||D|소매|D03|종합소매점|D03A01|편의점|G47122|체인화 편의점|11|서울특별시|11110|종로구|1111061500|종로1.2.3.4가동|1111015700|인의동|1111015700200480002|1|대지|48|2|서울특별시 종로구 인의동 48-2|111103100013|서울특별시 종로구 종로|183||1111015700100480002000001|효성주얼리시티|서울특별시 종로구 종로 183|110890|03130||2||126.998369125134|37.5714294483095
24439919|고기리찹쌀순대||F|생활서비스|F14|자동차/이륜차|F14A01|자동차정비/카센타|||11|서울특별시|11110|종로구|1111064000|이화동|1111016500|이화동|1111016500201210000|1|대지|121||서울특별시 종로구 이화동 121|111103100010|서울특별시 종로구 율곡로|221||1111016500101210000010279||서울특별시 종로구 율곡로 221|110500|03100||1||127.003511672073|37.5762935451397
22498257|미스쇼콜라||Q|음식|Q12|커피점/카페|Q12A01|커피전문점/카페/다방|I56220|비알콜 음료점업|11|서울특별시|11110|종로구|1111064000|이화동|1111016500|이화동|1111016500200360002|1|대지|36|2|서울특별시 종로구 이화동 36-2|111104100245|서울특별시 종로구 이화장길|58||1111016500100360002000001||서울특별시 종로구 이화장길 58|110500|03088||2||127.004611225762|37.5778886554755
23421034|크레프트카페라온||Q|음식|Q12|커피점/카페|Q12A01|커피전문점/카페/다방|I56220|비알콜 음료점업|11|서울특별시|11110|종로구|1111064000|이화동|1111016500|이화동|1111016500200280042|1|대지|28|42|서울특별시 종로구 이화동 28-42|111104100242|서울특별시 종로구 이화장1길|10||1111016500100280042010428||서울특별시 종로구 이화장1길 10|110500|03100||2||127.005073138955|37.577207757879
20608773|온양방아간||F|생활서비스|F02|세탁/가사서비스|F02A04|방앗간/정미소|||11|서울특별시|11110|종로구|1111064000|이화동|1111016500|이화동|1111016500201370001|1|대지|137|1|서울특별시 종로구 이화동 137-1|111104100245|서울특별시 종로구 이화장길|24||1111016500101370001009906||서울특별시 종로구 이화장길 24|110500|03100||1||127.003766146204|37.5767372035026
21799598|팔팔익스프레스||F|생활서비스|F04|운송/배달/택배|F04A06|종합이삿짐대행|H49311|일반 화물자동차 운송업|11|서울특별시|11110|종로구|1111064000|이화동|1111016500|이화동|1111016500200120002|1|대지|12|2|서울특별시 종로구 이화동 12-2|111104100223|서울특별시 종로구 율곡로19길|19||1111016500100120002009731||서울특별시 종로구 율곡로19길 19|110500|03100||1||127.005888714|37.5763225975703
24596612|예림피아노||R|학문/교육|R05|학원-음악미술무용|R05A02|피아노/바이올린/기타|P85620|예술 학원|11|서울특별시|11110|종로구|1111064000|이화동|1111016500|이화동|1111016500200800001|1|대지|80|1|서울특별시 종로구 이화동 80-1|111104100245|서울특별시 종로구 이화장길|40||1111016500100800001009905|율원빌딩|서울특별시 종로구 이화장길 40|110500|03100||2||127.004758938266|37.5769978696428
24899803|에덴피아노교습소||R|학문/교육|R09|학원기타|R09A01|학원(종합)|P85501|일반 교과 학원|11|서울특별시|11110|종로구|1111064000|이화동|1111016500|이화동|1111016500201300000|1|대지|130||서울특별시 종로구 이화동 130|111103100010|서울특별시 종로구 율곡로|223|20|1111016500101300000009703||서울특별시 종로구 율곡로 223-20|110500|03100||2||127.003532510804|37.5764288773191
24593314|오렌지미술교습소||R|학문/교육|R09|학원기타|R09A01|학원(종합)|P85501|일반 교과 학원|11|서울특별시|11110|종로구|1111064000|이화동|1111016500|이화동|1111016500200800003|1|대지|80|3|서울특별시 종로구 이화동 80-3|111104100221|서울특별시 종로구 율곡로17길|24||1111016500100800003010166||서울특별시 종로구 율곡로17길 24|110500|03100||2||127.004749057331|37.5768896613201
25387023|크레파스||Q|음식|Q01|한식|Q01A01|한식/백반/한정식|I56111|한식 음식점업|11|서울특별시|11110|종로구|1111064000|이화동|1111016500|이화동|1111016500200090519|1|대지|9|519|서울특별시 종로구 이화동 9-519|111104100024|서울특별시 종로구 낙산성곽서1길|11||1111016500100090708010606||서울특별시 종로구 낙산성곽서1길 11|110500|03098||1||127.008001304004|37.5775117243181
25248724|이화오하나||Q|음식|Q01|한식|Q01A01|한식/백반/한정식|I56111|한식 음식점업|11|서울특별시|11110|종로구|1111064000|이화동|1111016500|이화동|1111016500200090086|1|대지|9|86|서울특별시 종로구 이화동 9-86|111104100024|서울특별시 종로구 낙산성곽서1길|13|1|1111016500100090086010240||서울특별시 종로구 낙산성곽서1길 13-1|110500|03098||1||127.007977468688|37.5776016282062
23312111|유과||Q|음식|Q01|한식|Q01A01|한식/백반/한정식|I56111|한식 음식점업|11|서울특별시|11110|종로구|1111063000|종로5.6가동|1111016700|충신동|1111016700201880009|1|대지|188|9|서울특별시 종로구 충신동 188-9|111103100001|서울특별시 종로구 김상옥로|63||1111016700101880009013383|수빌딩|서울특별시 종로구 김상옥로 63|110845|03123||1||127.004792463201|37.5736282550439
22222291|신일설비||F|생활서비스|F15|주택수리|F15A06|수도설비|F42201|배관 및 냉·난방 공사업|11|서울특별시|11110|종로구|1111063000|종로5.6가동|1111016700|충신동|1111016700201980001|1|대지|198|1|서울특별시 종로구 충신동 198-1|111104100219|서울특별시 종로구 율곡로14길|47||1111016700101980001012973||서울특별시 종로구 율곡로14길 47|110845|03123||||127.003778554638|37.5741062657105
24556176|삼성당||D|소매|D26|시계/귀금속소매|D26A01|시계/귀금속|G47830|시계 및 귀금속 소매업|11|서울특별시|11110|종로구|1111063000|종로5.6가동|1111016700|충신동|1111016700200350010|1|대지|35|10|서울특별시 종로구 충신동 35-10|111103100010|서울특별시 종로구 율곡로|246|1|1111016700100350010010959||서울특별시 종로구 율곡로 246-1|110844|03123||||127.00548929165|37.5748595450654
21699779|동지서적||D|소매|D13|책/서적/도서|D13A01|서점|G47611|서적 및 잡지류 소매업|11|서울특별시|11110|종로구|1111063000|종로5.6가동|1111016700|충신동|1111016700201880013|1|대지|188|13|서울특별시 종로구 충신동 188-13|111103100001|서울특별시 종로구 김상옥로|64|1|1111016700101880013032672|여양진씨대종회회관|서울특별시 종로구 김상옥로 64-1|110845|03125||||127.004875295665|37.5733586406379
25057251|에스제이더블유코퍼레이션||D|소매|D06|가방/신발/액세서리|D06A05|액세서리판매|G47419|기타 섬유, 직물 및 의복액세서리 소매업|11|서울특별시|11110|종로구|1111063000|종로5.6가동|1111016700|충신동|1111016700200620002|1|대지|62|2|서울특별시 종로구 충신동 62-2|111104100225|서울특별시 종로구 율곡로20길|24||1111016700100620002000001|CS타워|서울특별시 종로구 율곡로20길 24|110845|03123|||501|127.004025343648|37.5751265257032
22194315|국민일보||D|소매|D13|책/서적/도서|D13A06|잡지/신문소매|G47611|서적 및 잡지류 소매업|11|서울특별시|11110|종로구|1111063000|종로5.6가동|1111016700|충신동|1111016700200740000|1|대지|74||서울특별시 종로구 충신동 74|111104100220|서울특별시 종로구 율곡로16길|11||1111016700100750000011572||서울특별시 종로구 율곡로16길 11|110845|03123||||127.003635674321|37.5754836541587
21765553|범우직물||D|소매|D05|의복의류|D05A18|섬유/직물/주단|G47419|기타 섬유, 직물 및 의복액세서리 소매업|11|서울특별시|11110|종로구|1111063000|종로5.6가동|1111016700|충신동|1111016700201750024|1|대지|175|24|서울특별시 종로구 충신동 175-24|111104100228|서울특별시 종로구 율곡로22나길|20|6|1111016700101750024012466||서울특별시 종로구 율곡로22나길 20-6|110845|03123||||127.004625237477|37.5742846059596
24795219|다다텔레콤||D|소매|D18|사진/광학/정밀기기소매|D18A02|핸드폰소매|G47312|통신기기 소매업|11|서울특별시|11110|종로구|1111063000|종로5.6가동|1111016700|충신동|1111016700200600000|1|대지|60||서울특별시 종로구 충신동 60|111103100010|서울특별시 종로구 율곡로|238||1111016700100600000011902|예일빌딩|서울특별시 종로구 율곡로 238|110844|03123||||127.004954033606|37.5750983158345
19999181|스카이||Q|음식|Q09|유흥주점|Q09A01|호프/맥주|I56219|기타 주점업|11|서울특별시|11110|종로구|1111063000|종로5.6가동|1111016700|충신동|1111016700201880014|1|대지|188|14|서울특별시 종로구 충신동 188-14|111103100001|서울특별시 종로구 김상옥로|64||1111016700101880014031923|송화빌딩|서울특별시 종로구 김상옥로 64|110845|03125||1||127.004761862146|37.5733757052103
23360123|태영식당||Q|음식|Q01|한식|Q01A01|한식/백반/한정식|I56111|한식 음식점업|11|서울특별시|11110|종로구|1111063000|종로5.6가동|1111016700|충신동|1111016700200350008|1|대지|35|8|서울특별시 종로구 충신동 35-8|111104100227|서울특별시 종로구 율곡로22길|7||1111016700100350008011908||서울특별시 종로구 율곡로22길 7|110844|03123||||127.005421613692|37.5748409540367
23616568|케롯코리아||D|소매|D08|사무/문구/컴퓨터|D08A03|컴퓨터/사무용기기종합|G47311|컴퓨터 및 주변장치, 소프트웨어 소매업|11|서울특별시|11110|종로구|1111064000|이화동|1111016800|동숭동|1111016800200010153|1|대지|1|153|서울특별시 종로구 동숭동 1-153|111104100075|서울특별시 종로구 동숭길|39||1111016800100010153010386||서울특별시 종로구 동숭길 39|110809|03086||4||127.004232347553|37.5799848866379
23849044|삼각산밸리||L|부동산|L01|부동산중개|L01A01|부동산중개|L68221|부동산 자문 및 중개업|11|서울특별시|11110|종로구|1111064000|이화동|1111016800|동숭동|1111016800200010087|1|대지|1|87|서울특별시 종로구 동숭동 1-87|111104100035|서울특별시 종로구 대학로12길|53||1111016800100010087010690||서울특별시 종로구 대학로12길 53|110809|03086||4||127.004018057744|37.58162297368
24002718|서비스테크||F|생활서비스|F13|기타서비스업|F13A01|사업경영상담|M71531|경영컨설팅업|11|서울특별시|11110|종로구|1111064000|이화동|1111016800|동숭동|1111016800200010139|1|대지|1|139|서울특별시 종로구 동숭동 1-139|111104100035|서울특별시 종로구 대학로12길|92||1111016800100010139009221|한양빌딩|서울특별시 종로구 대학로12길 92|110809|03086||2||127.003664888241|37.5800882232856
24696279|국비유학한림원||F|생활서비스|F08|대행업|F08A07|이민유학알선|S96999|그외 기타 달리 분류되지 않은 개인 서비스업|11|서울특별시|11110|종로구|1111064000|이화동|1111016800|동숭동|1111016800201690001|1|대지|169|1|서울특별시 종로구 동숭동 169-1|111103100002|서울특별시 종로구 대학로|86||1111016800101690001009451|한국방송통신대학교|서울특별시 종로구 대학로 86|110810|03087||1||127.00326936497|37.5791838428947
24744407|김기인춤문화재단||N|관광/여가/오락|N03|연극/영화/극장|N03A06|연극/음악/예술관련기타|||11|서울특별시|11110|종로구|1111064000|이화동|1111016800|동숭동|1111016800200500077|1|대지|50|77|서울특별시 종로구 동숭동 50-77|111104100069|서울특별시 종로구 동숭3길|26|24|1111016800100500077010851|조은사랑채|서울특별시 종로구 동숭3길 26-24|110809|03085||1||127.005431272305|37.5826260346541
24273043|서대문가전랜드일광||D|소매|D12|가전제품소매|D12A01|일반가전제품|G47320|가전제품 소매업|11|서울특별시|11110|종로구|1111058000|교남동|1111018000|교북동|1111018000200900001|1|대지|90|1|서울특별시 종로구 교북동 90-1|111103000008|서울특별시 종로구 통일로|184||1111018000100900001020423||서울특별시 종로구 통일로 184|110090|03179|90|1|1|126.96268145706|37.5702292227587
19997876|홍원건강5000년||D|소매|D10|건강/미용식품|D10A04|건강식품판매|G47216|건강보조식품 소매업|11|서울특별시|11110|종로구|1111058000|교남동|1111018000|교북동|1111018000200670000|1|대지|67||서울특별시 종로구 교북동 67|111103000008|서울특별시 종로구 통일로|190||1111018000100670000019468||서울특별시 종로구 통일로 190|110090|03165||1||126.962303313339|37.5705592840825
24399118|희니트||D|소매|D05|의복의류|D05A01|일반의류|G47416|셔츠 및 기타 의복 소매업|11|서울특별시|11110|종로구|1111058000|교남동|1111018000|교북동|1111018000200930001|1|대지|93|1|서울특별시 종로구 교북동 93-1|111103000008|서울특별시 종로구 통일로|182|1|1111018000100930001019982||서울특별시 종로구 통일로 182-1|110090|03179||||126.962831224462|37.5700413203205
24621957|산흥||D|소매|D16|화장품소매|D16A01|화장품판매점|G47813|화장품 및 방향제 소매업|11|서울특별시|11110|종로구|1111058000|교남동|1111018000|교북동|1111018000200010011|1|대지|1|11|서울특별시 종로구 교북동 1-11|111103000008|서울특별시 종로구 통일로|224|1|1111018000100010011020367||서울특별시 종로구 통일로 224-1|110090|03029||3||126.959836818668|37.5729073105986
20004915|Ann||Q|음식|Q04|분식|Q04A01|라면김밥분식|I56194|분식 및 김밥 전문점|11|서울특별시|11110|종로구|1111058000|교남동|1111018000|교북동|1111018000200010000|1|대지|1||서울특별시 종로구 교북동 1|111104100478|서울특별시 종로구 통일로12길|4||1111018000100010000019902||서울특별시 종로구 통일로12길 4|110090|03029||1||126.959846258205|37.5730425496444
24590839|프린세스||D|소매|D03|종합소매점|D03A03|잡화점|G47190|그외 기타 종합 소매업|11|서울특별시|11110|종로구|1111058000|교남동|1111018000|교북동|1111018000200010013|1|대지|1|13|서울특별시 종로구 교북동 1-13|111103000008|서울특별시 종로구 통일로|222|1|1111018000100010013020359||서울특별시 종로구 통일로 222-1|110090|03029||||126.959974653083|37.5727643587584
25996863|BHC치킨||Q|음식|Q05|닭/오리요리|Q05A08|후라이드/양념치킨|I56193|치킨 전문점|11|서울특별시|11110|종로구|1111058000|교남동|1111018000|교북동|1111018000200670000|1|대지|67||서울특별시 종로구 교북동 67|111103000008|서울특별시 종로구 통일로|190||1111018000100670000019468||서울특별시 종로구 통일로 190|110090|03165||2||126.962303313339|37.5705592840825
8632987|토담||Q|음식|Q01|한식|Q01A01|한식/백반/한정식|I56111|한식 음식점업|11|서울특별시|11110|종로구|1111058000|교남동|1111018000|교북동|1111018000200110002|1|대지|11|2|서울특별시 종로구 교북동 11-2|111104100192|서울특별시 종로구 송월길|153||1111018000100110002019861||서울특별시 종로구 송월길 153|110090|03165||2||126.961631437872|37.5716616548539
21791277|충인수학전문학원||R|학문/교육|R01|학원-보습교습입시|R01A01|학원-입시|P85501|일반 교과 학원|11|서울특별시|11110|종로구|1111058000|교남동|1111018000|교북동|1111018000200010010|1|대지|1|10|서울특별시 종로구 교북동 1-10|111104100478|서울특별시 종로구 통일로12길|2||1111018000100010010020054||서울특별시 종로구 통일로12길 2|110090|03029||||126.959768026579|37.572969777167
26447447|커피앤||Q|음식|Q12|커피점/카페|Q12A01|커피전문점/카페/다방|I56220|비알콜 음료점업|11|서울특별시|11110|종로구|1111058000|교남동|1111018000|교북동|1111018000200010000|1|대지|1||서울특별시 종로구 교북동 1|111104100478|서울특별시 종로구 통일로12길|4||1111018000100010000019902||서울특별시 종로구 통일로12길 4|110090|03029||1||126.959846258205|37.5730425496444
22207381|부안장식||D|소매|D07|가정/주방/인테리어|D07A01|인테리어/욕실용품/커튼|G47599|그외 기타 분류안된 가정용품 소매업|11|서울특별시|11110|종로구|1111058000|교남동|1111018000|교북동|1111018000200540001|1|대지|54|1|서울특별시 종로구 교북동 54-1|111103000008|서울특별시 종로구 통일로|192|3|1111018000100540001019682||서울특별시 종로구 통일로 192-3|110090|03165||||126.962311882144|37.5707575881311
23865193|매크론씨디씨||L|부동산|L01|부동산중개|L01A01|부동산중개|L68221|부동산 자문 및 중개업|11|서울특별시|11110|종로구|1111057000|무악동|1111018700|무악동|1111018700200450061|1|대지|45|61|서울특별시 종로구 무악동 45-61|111103000008|서울특별시 종로구 통일로|246|1|1111018700100450061020996||서울특별시 종로구 통일로 246-1|110813|03030||||126.958171696013|37.5746046007839
24217155|아이파크진양세탁||F|생활서비스|F02|세탁/가사서비스|F02A01|세탁소/빨래방|S96912|가정용 세탁업|11|서울특별시|11110|종로구|1111057000|무악동|1111018700|무악동|1111018700200600000|1|대지|60||서울특별시 종로구 무악동 60|111104100482|서울특별시 종로구 통일로18길|9||1111018700100600000000001|인왕산아이파크아파트|서울특별시 종로구 통일로18길 9|110877|03024||2|201|126.955332761712|37.5776610624663
24239123|한국체육도장||R|학문/교육|R09|학원기타|R09A01|학원(종합)|P85501|일반 교과 학원|11|서울특별시|11110|종로구|1111057000|무악동|1111018700|무악동|1111018700200820000|1|대지|82||서울특별시 종로구 무악동 82|111103000008|서울특별시 종로구 통일로|246|9|1111018700100840000021166|무악현대아파트|서울특별시 종로구 통일로 246-9|110797|03025||5|402|126.958434703038|37.5752286384208
24825313|라멜라||F|생활서비스|F13|기타서비스업|F13A01|사업경영상담|M71531|경영컨설팅업|11|서울특별시|11110|종로구|1111057000|무악동|1111018700|무악동|1111018700200820000|1|대지|82||서울특별시 종로구 무악동 82|111103000008|서울특별시 종로구 통일로|246|9|1111018700100840000021166|무악현대아파트|서울특별시 종로구 통일로 246-9|110797|03025|102|3|402|126.958434703038|37.5752286384208
23979297|무악현대치과||S|의료|S01|병원|S01B04|치과의원|Q86202|치과 의원|11|서울특별시|11110|종로구|1111057000|무악동|1111018700|무악동|1111018700200820000|1|대지|82||서울특별시 종로구 무악동 82|111103000008|서울특별시 종로구 통일로|246|9|1111018700100840000021166|무악현대아파트|서울특별시 종로구 통일로 246-9|110797|03025|||308|126.958434703038|37.5752286384208
20008519|은혜식당||Q|음식|Q01|한식|Q01A01|한식/백반/한정식|I56111|한식 음식점업|11|서울특별시|11110|종로구|1111057000|무악동|1111018700|무악동|1111018700200630009|1|대지|63|9|서울특별시 종로구 무악동 63-9|111103000008|서울특별시 종로구 통일로|266||1111018700100630009021108||서울특별시 종로구 통일로 266|110814|03030||1||126.956772882531|37.5758717219093
24775584|빅토리||N|관광/여가/오락|N02|무도/유흥/가무|N02A01|노래방|R91223|노래연습장 운영업|11|서울특별시|11110|종로구|1111057000|무악동|1111018700|무악동|1111018700200420000|1|대지|42||서울특별시 종로구 무악동 42|111103000008|서울특별시 종로구 통일로|252||1111018700100420000021091||서울특별시 종로구 통일로 252|110080|03030||||126.95781765576|37.5748267353189
20659873|종로김밥|독립문점|Q|음식|Q04|분식|Q04A01|라면김밥분식|I56194|분식 및 김밥 전문점|11|서울특별시|11110|종로구|1111057000|무악동|1111018700|무악동|1111018700200820000|1|대지|82||서울특별시 종로구 무악동 82|111103000008|서울특별시 종로구 통일로|246|9|1111018700100840000021166|무악현대아파트|서울특별시 종로구 통일로 246-9|110797|03025|||112|126.958434703038|37.5752286384208
23446474|디에이피씨앤씨||N|관광/여가/오락|N01|PC/오락/당구/볼링등|N01A01|인터넷PC방|R91222|컴퓨터 게임방 운영업|11|서울특별시|11110|종로구|1111053000|사직동|1111011700|당주동|1111011700200050000|1|대지|5||서울특별시 종로구 당주동 5|111104100160|서울특별시 종로구 새문안로5길|19||1111011700100050000028126|로얄빌딩|서울특별시 종로구 새문안로5길 19|110721|03173||5||126.97427129507|37.5720244501422
23993481|비에스케이|광화문점|D|소매|D16|화장품소매|D16A01|화장품판매점|G47813|화장품 및 방향제 소매업|11|서울특별시|11110|종로구|1111053000|사직동|1111011700|당주동|1111011700201000000|1|대지|100||서울특별시 종로구 당주동 100|111104100190|서울특별시 종로구 세종대로23길|54||1111011700101000000028562|세종빌딩|서울특별시 종로구 세종대로23길 54|110724|03173||1||126.973288763045|37.5718537216012
24910119|트리코스스칼프||D|소매|D16|화장품소매|D16A01|화장품판매점|G47813|화장품 및 방향제 소매업|11|서울특별시|11110|종로구|1111053000|사직동|1111011700|당주동|1111011700201000000|1|대지|100||서울특별시 종로구 당주동 100|111104100190|서울특별시 종로구 세종대로23길|54||1111011700101000000028562|세종빌딩|서울특별시 종로구 세종대로23길 54|110724|03173||4||126.973288763045|37.5718537216012
25272870|키오쿠|포시즌스호텔서울|Q|음식|Q03|일식/수산물|Q03A02|음식점-일식|I56113|일식 음식점업|11|서울특별시|11110|종로구|1111053000|사직동|1111011700|당주동|1111011700200290000|1|대지|29||서울특별시 종로구 당주동 29|111103005004|서울특별시 종로구 새문안로|97||1111011700100290000000001||서울특별시 종로구 새문안로 97|110071|03183||11||126.97543291092|37.5706919873007
25348262|찰스에이치||Q|음식|Q06|양식|Q06A01|정통양식/경양식|I56114|서양식 음식점업|11|서울특별시|11110|종로구|1111053000|사직동|1111011700|당주동|1111011700200290000|1|대지|29||서울특별시 종로구 당주동 29|111103005004|서울특별시 종로구 새문안로|97||1111011700100290000000001||서울특별시 종로구 새문안로 97|110071|03183||1||126.97543291092|37.5706919873007
25356091|보칼리노|포시즌스호텔서울|Q|음식|Q06|양식|Q06A01|정통양식/경양식|I56114|서양식 음식점업|11|서울특별시|11110|종로구|1111053000|사직동|1111011700|당주동|1111011700200290000|1|대지|29||서울특별시 종로구 당주동 29|111103005004|서울특별시 종로구 새문안로|97||1111011700100290000000001||서울특별시 종로구 새문안로 97|110071|03183||2||126.97543291092|37.5706919873007
20008067|양푼가||Q|음식|Q01|한식|Q01A01|한식/백반/한정식|I56111|한식 음식점업|11|서울특별시|11110|종로구|1111053000|사직동|1111011700|당주동|1111011700201000000|1|대지|100||서울특별시 종로구 당주동 100|111104100190|서울특별시 종로구 세종대로23길|54||1111011700101000000028562|세종빌딩|서울특별시 종로구 세종대로23길 54|110724|03173||1||126.973288763045|37.5718537216012
24675432|큐당구장||N|관광/여가/오락|N01|PC/오락/당구/볼링등|N01A03|당구장|R91135|당구장 운영업|11|서울특별시|11110|종로구|1111053000|사직동|1111011700|당주동|1111011700201710000|1|대지|171||서울특별시 종로구 당주동 171|111104100160|서울특별시 종로구 새문안로5길|5||1111011700101710000028816||서울특별시 종로구 새문안로5길 5|110071|03182||4||126.974708503599|37.5706856979239
20656412|뭉크||Q|음식|Q06|양식|Q06A01|정통양식/경양식|I56114|서양식 음식점업|11|서울특별시|11110|종로구|1111053000|사직동|1111011700|당주동|1111011700201000000|1|대지|100||서울특별시 종로구 당주동 100|111104100190|서울특별시 종로구 세종대로23길|54||1111011700101000000028562|세종빌딩|서울특별시 종로구 세종대로23길 54|110724|03173||1||126.973288763045|37.5718537216012
24964137|케이엠아이광화문이플러스||S|의료|S01|병원|S01B04|치과의원|Q86202|치과 의원|11|서울특별시|11110|종로구|1111053000|사직동|1111011700|당주동|1111011700201000000|1|대지|100||서울특별시 종로구 당주동 100|111104100190|서울특별시 종로구 세종대로23길|54||1111011700101000000028562|세종빌딩|서울특별시 종로구 세종대로23길 54|110724|03173||1||126.973288763045|37.5718537216012
20079718|세종슈퍼||D|소매|D03|종합소매점|D03A02|수퍼마켓|G47121|슈퍼마켓|11|서울특별시|11110|종로구|1111053000|사직동|1111011700|당주동|1111011700201000000|1|대지|100||서울특별시 종로구 당주동 100|111104100190|서울특별시 종로구 세종대로23길|54||1111011700101000000028562|세종빌딩|서울특별시 종로구 세종대로23길 54|110724|03173||1||126.973288763045|37.5718537216012
19998883|버블톡|광화문점|Q|음식|Q12|커피점/카페|Q12A01|커피전문점/카페/다방|I56220|비알콜 음료점업|11|서울특별시|11110|종로구|1111053000|사직동|1111011700|당주동|1111053000200210002|1|대지|21|2|서울특별시 종로구 당주동 21-2|111104100162|서울특별시 종로구 새문안로9길|21||1111011700100210002028795||서울특별시 종로구 새문안로9길 21|110071|03183||||126.975606979018|37.5712070910562
25032824|COMODO||D|소매|D05|의복의류|D05A01|일반의류|G47416|셔츠 및 기타 의복 소매업|11|서울특별시|11110|종로구|1111053000|사직동|1111011700|당주동|1111011700200050000|1|대지|5||서울특별시 종로구 당주동 5|111104100160|서울특별시 종로구 새문안로5길|19||1111011700100050000028126|로얄빌딩|서울특별시 종로구 새문안로5길 19|110721|03173||1||126.97427129507|37.5720244501422
22250868|현악사||D|소매|D04|취미/오락관련소매|D04A09|악기판매|G47593|악기 소매업|11|서울특별시|11110|종로구|1111053000|사직동|1111011700|당주동|1111011700200430000|1|대지|43||서울특별시 종로구 당주동 43|111104100160|서울특별시 종로구 새문안로5길|12||1111011700100430000027501||서울특별시 종로구 새문안로5길 12|110071|03183||1||126.974959576634|37.5713636586738
20622264|피스||Q|음식|Q06|양식|Q06A01|정통양식/경양식|I56114|서양식 음식점업|11|서울특별시|11110|종로구|1111053000|사직동|1111011700|당주동|1111011700201000000|1|대지|100||서울특별시 종로구 당주동 100|111104100190|서울특별시 종로구 세종대로23길|54||1111011700101000000028562|세종빌딩|서울특별시 종로구 세종대로23길 54|110724|03173||1||126.973288763045|37.5718537216012
19993529|빵튀||Q|음식|Q01|한식|Q01A01|한식/백반/한정식|I56111|한식 음식점업|11|서울특별시|11110|종로구|1111053000|사직동|1111011700|당주동|1111011700201000000|1|대지|100||서울특별시 종로구 당주동 100|111104100190|서울특별시 종로구 세종대로23길|54||1111011700101000000028562|세종빌딩|서울특별시 종로구 세종대로23길 54|110724|03173||1||126.973288763045|37.5718537216012
22362458|문영란플라워샵||D|소매|D02|선물/팬시/기념품|D02A02|꽃집/꽃배달|G47851|화초 및 산식물 소매업|11|서울특별시|11110|종로구|1111053000|사직동|1111011700|당주동|1111011700200050000|1|대지|5||서울특별시 종로구 당주동 5|111104100160|서울특별시 종로구 새문안로5길|19||1111011700100050000028126|로얄빌딩|서울특별시 종로구 새문안로5길 19|110721|03173||-1||126.97427129507|37.5720244501422
22533028|교동전선생||Q|음식|Q09|유흥주점|Q09A04|민속주점|I56219|기타 주점업|11|서울특별시|11110|종로구|1111053000|사직동|1111011700|당주동|1111011700200020003|1|대지|2|3|서울특별시 종로구 당주동 2-3|111104100159|서울특별시 종로구 새문안로5가길|3||1111011700100030005028754||서울특별시 종로구 새문안로5가길 3|110071|03173||2||126.97430030976|37.5723851183734
23188787|윤가네||Q|음식|Q09|유흥주점|Q09A01|호프/맥주|I56219|기타 주점업|11|서울특별시|11110|종로구|1111053000|사직동|1111011700|당주동|1111011700201000000|1|대지|100||서울특별시 종로구 당주동 100|111104100190|서울특별시 종로구 세종대로23길|54||1111011700101000000028562|세종빌딩|서울특별시 종로구 세종대로23길 54|110724|03173||1||126.973288763045|37.5718537216012
20000148|서울에서첫번째전통찻집||Q|음식|Q12|커피점/카페|Q12A06|전통찻집/인삼찻집|I56220|비알콜 음료점업|11|서울특별시|11110|종로구|1111053000|사직동|1111011700|당주동|1111011700200050000|1|대지|5||서울특별시 종로구 당주동 5|111104100160|서울특별시 종로구 새문안로5길|19||1111011700100050000028126|로얄빌딩|서울특별시 종로구 새문안로5길 19|110721|03173||1||126.97427129507|37.5720244501422
20582821|상주면옥||Q|음식|Q01|한식|Q01A19|냉면집|I56111|한식 음식점업|11|서울특별시|11110|종로구|1111053000|사직동|1111011700|당주동|1111011700200010000|1|대지|1||서울특별시 종로구 당주동 1|111104100159|서울특별시 종로구 새문안로5가길|5||1111011700100010000027865||서울특별시 종로구 새문안로5가길 5|110071|03173||2||126.974195966169|37.5725644197644
20602157|한솥밥||Q|음식|Q04|분식|Q04A01|라면김밥분식|I56194|분식 및 김밥 전문점|11|서울특별시|11110|종로구|1111053000|사직동|1111011700|당주동|1111011700200050000|1|대지|5||서울특별시 종로구 당주동 5|111104100160|서울특별시 종로구 새문안로5길|19||1111011700100050000028126|로얄빌딩|서울특별시 종로구 새문안로5길 19|110721|03173||1||126.97427129507|37.5720244501422
24679331|파워얼라이언스||L|부동산|L03|분양|L03A04|건물분양-종합|||11|서울특별시|11110|종로구|1111061500|종로1.2.3.4가동|1111012400|수송동|1111012400201460001|1|대지|146|1|서울특별시 종로구 수송동 146-1|111104100312|서울특별시 종로구 종로1길|42||1111012400101460001014059|이마빌딩|서울특별시 종로구 종로1길 42|110755|03152||8||126.978966379844|37.5738942645562
25288175|한국산업기술분석센터||F|생활서비스|F11|개인서비스|F11A01|탐정/경호|||11|서울특별시|11110|종로구|1111061500|종로1.2.3.4가동|1111012400|수송동|1111012400201460012|1|대지|146|12|서울특별시 종로구 수송동 146-12|111104100312|서울특별시 종로구 종로1길|36||1111012400101460012014430|대림빌딩|서울특별시 종로구 종로1길 36|110732|03152||7||126.978971792155|37.5734978535778
25527520|황산중국샤브||Q|음식|Q10|별식/퓨전요리|Q10A02|샤브샤브전문|I56111|한식 음식점업|11|서울특별시|11110|종로구|1111061500|종로1.2.3.4가동|1111012400|수송동|1111012400201040000|1|대지|104||서울특별시 종로구 수송동 104|111104100360|서울특별시 종로구 종로5길|86||1111012400101040000013554|국세청|서울특별시 종로구 종로5길 86|110705|03151||1||126.979880053084|37.5741364342141
23418216|전통찻집||Q|음식|Q12|커피점/카페|Q12A01|커피전문점/카페/다방|I56220|비알콜 음료점업|11|서울특별시|11110|종로구|1111061500|종로1.2.3.4가동|1111012400|수송동|1111012400201460001|1|대지|146|1|서울특별시 종로구 수송동 146-1|111104100312|서울특별시 종로구 종로1길|42||1111012400101460001014059|이마빌딩|서울특별시 종로구 종로1길 42|110755|03152||1||126.978966379844|37.5738942645562
20481048|정일품||Q|음식|Q01|한식|Q01A01|한식/백반/한정식|I56111|한식 음식점업|11|서울특별시|11110|종로구|1111061500|종로1.2.3.4가동|1111012400|수송동|1111012400200800006|1|대지|80|6|서울특별시 종로구 수송동 80-6|111104100360|서울특별시 종로구 종로5길|58||1111012400100800006017957|석탄회관빌딩|서울특별시 종로구 종로5길 58|110727|03151||1||126.980315823657|37.5728967632044
20606800|하루회전초밥||Q|음식|Q03|일식/수산물|Q03A03|음식점-초밥전문|I56113|일식 음식점업|11|서울특별시|11110|종로구|1111061500|종로1.2.3.4가동|1111012400|수송동|1111012400200580000|1|대지|58||서울특별시 종로구 수송동 58|111103100006|서울특별시 종로구 삼봉로|81||1111012400100580000017956|두산위브파빌리온|서울특별시 종로구 삼봉로 81|110858|03150||1||126.981794436761|37.5723869222964
20003288|고향맛집||Q|음식|Q01|한식|Q01A01|한식/백반/한정식|I56111|한식 음식점업|11|서울특별시|11110|종로구|1111061500|종로1.2.3.4가동|1111012400|수송동|1111012400201040000|1|대지|104||서울특별시 종로구 수송동 104|111104100360|서울특별시 종로구 종로5길|86||1111012400101040000013554|국세청|서울특별시 종로구 종로5길 86|110705|03151||1||126.979880053084|37.5741364342141
20077381|전원||Q|음식|Q01|한식|Q01A01|한식/백반/한정식|I56111|한식 음식점업|11|서울특별시|11110|종로구|1111061500|종로1.2.3.4가동|1111012400|수송동|1111012400200800000|1|대지|80||서울특별시 종로구 수송동 80|111104100360|서울특별시 종로구 종로5길|68||1111012400100800000032686|코리안리재보험빌딩|서울특별시 종로구 종로5길 68|110733|03151||1||126.980444775983|37.5734024597516
20388253|경수사||Q|음식|Q03|일식/수산물|Q03A02|음식점-일식|I56113|일식 음식점업|11|서울특별시|11110|종로구|1111061500|종로1.2.3.4가동|1111012400|수송동|1111012400201460001|1|대지|146|1|서울특별시 종로구 수송동 146-1|111104100312|서울특별시 종로구 종로1길|42||1111012400101460001014059|이마빌딩|서울특별시 종로구 종로1길 42|110755|03152||1||126.978966379844|37.5738942645562
23157521|삼성웰스토리연합뉴스커피&||Q|음식|Q12|커피점/카페|Q12A01|커피전문점/카페/다방|I56220|비알콜 음료점업|11|서울특별시|11110|종로구|1111061500|종로1.2.3.4가동|1111012400|수송동|1111012400201100000|1|대지|110||서울특별시 종로구 수송동 110|111104100234|서울특별시 종로구 율곡로2길|25||1111012400101100000015180||서울특별시 종로구 율곡로2길 25|110140|03143||17||126.980089592396|37.574543712977
22977596|신영SPS지점||O|숙박|O02|모텔/여관/여인숙|O02A01|모텔/여관/여인숙|I55112|여관업|11|서울특별시|11110|종로구|1111061500|종로1.2.3.4가동|1111012400|수송동|1111012400200850000|1|대지|85||서울특별시 종로구 수송동 85|111104100234|서울특별시 종로구 율곡로2길|7||1111012400100850000031906|서머셋팰리스서울|서울특별시 종로구 율곡로2길 7|110885|03143||7||126.981226721716|37.57500405238
23103851|이마이용원||F|생활서비스|F01|이/미용/건강|F01A04|남성미용실|S96111|이용업|11|서울특별시|11110|종로구|1111061500|종로1.2.3.4가동|1111012400|수송동|1111012400201460001|1|대지|146|1|서울특별시 종로구 수송동 146-1|111104100312|서울특별시 종로구 종로1길|42||1111012400101460001014059|이마빌딩|서울특별시 종로구 종로1길 42|110755|03152||1||126.978966379844|37.5738942645562
21847998|방미자한복||D|소매|D05|의복의류|D05A10|한복/갈옷/민속옷|G47412|한복 소매업|11|서울특별시|11110|종로구|1111061500|종로1.2.3.4가동|1111012400|수송동|1111012400200240002|1|대지|24|2|서울특별시 종로구 수송동 24-2|111103100010|서울특별시 종로구 율곡로|22||1111012400100240002013835||서울특별시 종로구 율곡로 22|110140|03143||||126.981786197012|37.5754864308999
24180822|페니로이스/비씨||F|생활서비스|F13|기타서비스업|F13A01|사업경영상담|M71531|경영컨설팅업|11|서울특별시|11110|종로구|1111061500|종로1.2.3.4가동|1111012400|수송동|1111012400200850000|1|대지|85||서울특별시 종로구 수송동 85|111104100234|서울특별시 종로구 율곡로2길|7||1111012400100850000031906|서머셋팰리스서울|서울특별시 종로구 율곡로2길 7|110885|03143||4||126.981226721716|37.57500405238
24546496|세븐일레븐세종로점|세종로점|D|소매|D03|종합소매점|D03A01|편의점|G47122|체인화 편의점|11|서울특별시|11110|종로구|1111061500|종로1.2.3.4가동|1111012400|수송동|1111012400201350000|1|대지|135||서울특별시 종로구 수송동 135|111104100312|서울특별시 종로구 종로1길|42|1|1111012400101350000016019||서울특별시 종로구 종로1길 42-1|110140|03152||1||126.978645007987|37.5742158589908
24509329|삼봉당구장||N|관광/여가/오락|N01|PC/오락/당구/볼링등|N01A03|당구장|R91135|당구장 운영업|11|서울특별시|11110|종로구|1111061500|종로1.2.3.4가동|1111012400|수송동|1111012400200580000|1|대지|58||서울특별시 종로구 수송동 58|111103100006|서울특별시 종로구 삼봉로|81||1111012400100580000017956|두산위브파빌리온|서울특별시 종로구 삼봉로 81|110858|03150||1||126.981794436761|37.5723869222964
23688817|리본즈||D|소매|D25|기타판매업|D25A23|통신판매|G47911|전자상거래업|11|서울특별시|11110|종로구|1111061500|종로1.2.3.4가동|1111012400|수송동|1111012400201460001|1|대지|146|1|서울특별시 종로구 수송동 146-1|111104100312|서울특별시 종로구 종로1길|42||1111012400101460001014059|이마빌딩|서울특별시 종로구 종로1길 42|110755|03152||8||126.978966379844|37.5738942645562
20675102|스타벅스|이마빌딩점|Q|음식|Q12|커피점/카페|Q12A01|커피전문점/카페/다방|I56220|비알콜 음료점업|11|서울특별시|11110|종로구|1111061500|종로1.2.3.4가동|1111012400|수송동|1111012400201460001|1|대지|146|1|서울특별시 종로구 수송동 146-1|111104100312|서울특별시 종로구 종로1길|42||1111012400101460001014059|이마빌딩|서울특별시 종로구 종로1길 42|110755|03152||1||126.978966379844|37.5738942645562
23035105|서울사||F|생활서비스|F02|세탁/가사서비스|F02A01|세탁소/빨래방|S96912|가정용 세탁업|11|서울특별시|11110|종로구|1111061500|종로1.2.3.4가동|1111012400|수송동|1111012400200580000|1|대지|58||서울특별시 종로구 수송동 58|111103100006|서울특별시 종로구 삼봉로|81||1111012400100580000017956|두산위브파빌리온|서울특별시 종로구 삼봉로 81|110858|03150||1||126.981794436761|37.5723869222964
26134699|리틀제이콥스프리미엄서머셋||Q|음식|Q12|커피점/카페|Q12A01|커피전문점/카페/다방|I56220|비알콜 음료점업|11|서울특별시|11110|종로구|1111061500|종로1.2.3.4가동|1111012400|수송동|1111012400200850000|1|대지|85||서울특별시 종로구 수송동 85|111104100234|서울특별시 종로구 율곡로2길|7||1111012400100850000031906|서머셋팰리스서울|서울특별시 종로구 율곡로2길 7|110885|03143||1||126.981226721716|37.57500405238
20466570|버거킹종로구청점|종로구청점|Q|음식|Q07|패스트푸드|Q07A04|패스트푸드|I56199|그외 기타 음식점업|11|서울특별시|11110|종로구|1111061500|종로1.2.3.4가동|1111012400|수송동|1111012400200680001|1|대지|68|1|서울특별시 종로구 수송동 68-1|111103100006|서울특별시 종로구 삼봉로|57||1111012400100680001000002|호수빌딩|서울특별시 종로구 삼봉로 57|110140|03151||1||126.980456321573|37.5725555812575
23262456|종로구청어린이집||R|학문/교육|R08|유아교육|R08A02|어린이집|Q87210|보육시설 운영업|11|서울특별시|11110|종로구|1111061500|종로1.2.3.4가동|1111012400|수송동|1111012400201460002|1|대지|146|2|서울특별시 종로구 수송동 146-2|111103100006|서울특별시 종로구 삼봉로|33||1111012400101460002013567|종로구청|서울특별시 종로구 삼봉로 33|110701|03153||1||126.978794866218|37.5731899694038
26040387|국세청구내이발||F|생활서비스|F01|이/미용/건강|F01A04|남성미용실|S96111|이용업|11|서울특별시|11110|종로구|1111061500|종로1.2.3.4가동|1111012400|수송동|1111012400201040000|1|대지|104||서울특별시 종로구 수송동 104|111104100360|서울특별시 종로구 종로5길|86||1111012400101040000013554|국세청|서울특별시 종로구 종로5길 86|110705|03151||1||126.979880053084|37.5741364342141
26104197|동감II||Q|음식|Q01|한식|Q01A01|한식/백반/한정식|I56111|한식 음식점업|11|서울특별시|11110|종로구|1111061500|종로1.2.3.4가동|1111012400|수송동|1111012400200460025|1|대지|46|25|서울특별시 종로구 수송동 46-25|111103100009|서울특별시 종로구 우정국로|45|27|1111012400100460025016733||서울특별시 종로구 우정국로 45-27|110140|03150||1||126.981332835347|37.5730316893012
26245698|송암슈퍼||D|소매|D03|종합소매점|D03A02|수퍼마켓|G47121|슈퍼마켓|11|서울특별시|11110|종로구|1111053000|사직동|1111011200|체부동|1111011200200880001|1|대지|88|1|서울특별시 종로구 체부동 88-1|111104100300|서울특별시 종로구 자하문로5길|4||1111011200100880001028607||서울특별시 종로구 자하문로5길 4|110045|03040||1||126.971496571536|37.5778750868905
20470587|다래국수||Q|음식|Q04|분식|Q04A02|국수/만두/칼국수|I56194|분식 및 김밥 전문점|11|서울특별시|11110|종로구|1111053000|사직동|1111011200|체부동|1111011200200570000|1|대지|57||서울특별시 종로구 체부동 57|111104100272|서울특별시 종로구 자하문로1길|12||1111011200100570000027401||서울특별시 종로구 자하문로1길 12|110045|03041||1||126.971729739201|37.5765616007411
24396768|큐원당구장||N|관광/여가/오락|N01|PC/오락/당구/볼링등|N01A03|당구장|R91135|당구장 운영업|11|서울특별시|11110|종로구|1111053000|사직동|1111011200|체부동|1111011200200600002|1|대지|60|2|서울특별시 종로구 체부동 60-2|111104100271|서울특별시 종로구 자하문로1가길|5||1111011200100610000027823||서울특별시 종로구 자하문로1가길 5|110045|03041||3||126.971942708566|37.5767166324108
24885376|매일경제광화문지국||D|소매|D13|책/서적/도서|D13A03|서적/신문소매|G47611|서적 및 잡지류 소매업|11|서울특별시|11110|종로구|1111053000|사직동|1111011200|체부동|1111011200200320002|1|대지|32|2|서울특별시 종로구 체부동 32-2|111103100012|서울특별시 종로구 자하문로|21||1111011200100340000028869|영해빌딩|서울특별시 종로구 자하문로 21|110045|03040||4||126.971597087939|37.5779750769621
24937557|예뻐지는화장품||D|소매|D16|화장품소매|D16A01|화장품판매점|G47813|화장품 및 방향제 소매업|11|서울특별시|11110|종로구|1111053000|사직동|1111011200|체부동|1111011200200460000|1|대지|46||서울특별시 종로구 체부동 46|111103100012|서울특별시 종로구 자하문로|11|1|1111011200100460000028868||서울특별시 종로구 자하문로 11-1|110045|03041||1||126.972004929599|37.577131652428
24871921|아르케수능전문영||R|학문/교육|R04|학원-어학|R04A01|학원-외국어/어학|P85502|외국어학원|11|서울특별시|11110|종로구|1111053000|사직동|1111011200|체부동|1111011200201230000|1|대지|123||서울특별시 종로구 체부동 123|111104100300|서울특별시 종로구 자하문로5길|22||1111011200101230000028953||서울특별시 종로구 자하문로5길 22|110045|03040||1||126.970637372569|37.5777865040716
23886801|미용실||F|생활서비스|F01|이/미용/건강|F01A01|여성미용실|S96112|두발미용업|11|서울특별시|11110|종로구|1111053000|사직동|1111011200|체부동|1111011200200930001|1|대지|93|1|서울특별시 종로구 체부동 93-1|111104100300|서울특별시 종로구 자하문로5길|18|2|1111011200100930002027618||서울특별시 종로구 자하문로5길 18-2|110045|03040||1||126.970975482419|37.5778975766907
20411901|허브균형잡힌다이어트||D|소매|D10|건강/미용식품|D10A01|다이어트상품판매|G47216|건강보조식품 소매업|11|서울특별시|11110|종로구|1111070000|숭인1동|1111017500|숭인동|1111017500200810022|1|대지|81|22|서울특별시 종로구 숭인동 81-22|111104100357|서울특별시 종로구 종로57길|33||1111017500100810022002517||서울특별시 종로구 종로57길 33|110550|03113||1||127.015997580091|37.5746682831194
20709507|가야참치||Q|음식|Q03|일식/수산물|Q03A01|횟집|I56111|한식 음식점업|11|서울특별시|11110|종로구|1111070000|숭인1동|1111017500|숭인동|1111017500200760000|1|대지|76||서울특별시 종로구 숭인동 76|111103100013|서울특별시 종로구 종로|347||1111017500100760000002981|롯데캐슬천지인|서울특별시 종로구 종로 347|110876|03113||-1|104|127.015983120935|37.5740464429401
21497816|리스서비스||F|생활서비스|F07|물품기기대여|F07A11|렌트카|L69110|자동차 임대업|11|서울특별시|11110|종로구|1111070000|숭인1동|1111017500|숭인동|1111017500200560102|1|대지|56|102|서울특별시 종로구 숭인동 56-102|111104100380|서울특별시 종로구 지봉로12길|50||1111017500100560102002023||서울특별시 종로구 지봉로12길 50|110550|03108||1||127.016366986448|37.5784287097294
21593522|대동샷다||D|소매|D21|철물/난방/건설자재소매|D21A08|셔터/새시판매|G47511|철물 및 난방용구 소매업|11|서울특별시|11110|종로구|1111070000|숭인1동|1111017500|숭인동|1111017500201790014|1|대지|179|14|서울특별시 종로구 숭인동 179-14|111104100363|서울특별시 종로구 종로63가길|61||1111017500101790014000074||서울특별시 종로구 종로63가길 61|110550|03110||1||127.018844273618|37.5768634913555
21753608|고전한복||D|소매|D05|의복의류|D05A10|한복/갈옷/민속옷|G47412|한복 소매업|11|서울특별시|11110|종로구|1111071000|숭인2동|1111017500|숭인동|1111017500203640000|1|대지|364||서울특별시 종로구 숭인동 364|111104100204|서울특별시 종로구 숭인동길|64||1111017500103640000001294||서울특별시 종로구 숭인동길 64|110550|03111||1||127.022001724557|37.5778177671181
22602972|시마||F|생활서비스|F01|이/미용/건강|F01A01|여성미용실|S96112|두발미용업|11|서울특별시|11110|종로구|1111070000|숭인1동|1111017500|숭인동|1111017500200610103|1|대지|61|103|서울특별시 종로구 숭인동 61-103|111104100392|서울특별시 종로구 지봉로8길|55||1111017500100610103002892||서울특별시 종로구 지봉로8길 55|110550|03109||1||127.015678366023|37.5765578116396
22749927|에이드림미술교육원||R|학문/교육|R05|학원-음악미술무용|R05A01|서예/서화/미술|P85620|예술 학원|11|서울특별시|11110|종로구|1111070000|숭인1동|1111017500|숭인동|1111017500200650011|1|대지|65|11|서울특별시 종로구 숭인동 65-11|111103005007|서울특별시 종로구 지봉로|62|1|1111017500100650011002896||서울특별시 종로구 지봉로 62-1|110550|03109||2||127.015826418302|37.5756309720952
22938755|삼오||O|숙박|O02|모텔/여관/여인숙|O02A01|모텔/여관/여인숙|I55112|여관업|11|서울특별시|11110|종로구|1111071000|숭인2동|1111017500|숭인동|1111017500202270005|1|대지|227|5|서울특별시 종로구 숭인동 227-5|111104100361|서울특별시 종로구 종로60길|9||1111017500102270005001098|삼오여관|서울특별시 종로구 종로60길 9|110550|03115||1||127.018620245234|37.5732304255753
23894031|마스타||L|부동산|L01|부동산중개|L01A01|부동산중개|L68221|부동산 자문 및 중개업|11|서울특별시|11110|종로구|1111071000|숭인2동|1111017500|숭인동|1111017500203640000|1|대지|364||서울특별시 종로구 숭인동 364|111104100204|서울특별시 종로구 숭인동길|64||1111017500103640000001294||서울특별시 종로구 숭인동길 64|110550|03111||1|301|127.022001724557|37.5778177671181
24007821|보스걸||D|소매|D25|기타판매업|D25A23|통신판매|G47911|전자상거래업|11|서울특별시|11110|종로구|1111070000|숭인1동|1111017500|숭인동|1111017500200560013|1|대지|56|13|서울특별시 종로구 숭인동 56-13|111104100384|서울특별시 종로구 지봉로14길|14||1111017500100560013002919||서울특별시 종로구 지봉로14길 14|110550|03108||1|B301|127.0159030963|37.5784068224659
24212040|원우상사||F|생활서비스|F03|개인/가정용품수리|F03A02|가전제품수리|S95310|가전제품 수리업|11|서울특별시|11110|종로구|1111070000|숭인1동|1111017500|숭인동|1111017500201790093|1|대지|179|93|서울특별시 종로구 숭인동 179-93|111104100363|서울특별시 종로구 종로63가길|53||1111017500101790093000323||서울특별시 종로구 종로63가길 53|110550|03110||2||127.018803486236|37.5765207560639
25291296|수석실업||F|생활서비스|F02|세탁/가사서비스|F02A05|청소/소독|||11|서울특별시|11110|종로구|1111070000|숭인1동|1111017500|숭인동|1111017500200550006|1|대지|55|6|서울특별시 종로구 숭인동 55-6|111103005007|서울특별시 종로구 지봉로|82||1111017500100550006002908|수석컴비즈텔|서울특별시 종로구 지봉로 82|110550|03108||1|802|127.015667217648|37.5774046986849
20374192|엘리스치킨호프||Q|음식|Q09|유흥주점|Q09A01|호프/맥주|I56219|기타 주점업|11|서울특별시|11110|종로구|1111071000|숭인2동|1111017500|숭인동|1111017500203100000|1|대지|310||서울특별시 종로구 숭인동 310|111103100013|서울특별시 종로구 종로|344||1111017500103100000001721|대우디오빌|서울특별시 종로구 종로 344|110880|03114||1||127.016068581604|37.5727136114594
20385548|코리안숯불닭갈비||Q|음식|Q05|닭/오리요리|Q05A02|닭갈비전문|I56111|한식 음식점업|11|서울특별시|11110|종로구|1111071000|숭인2동|1111017500|숭인동|1111017500212570000|1|대지|1257||서울특별시 종로구 숭인동 1257|111103100013|서울특별시 종로구 종로|411|1|1111017500112570000001192||서울특별시 종로구 종로 411-1|110550|03111||||127.022472418444|37.5755870790559
20392326|동묘||Q|음식|Q01|한식|Q01A01|한식/백반/한정식|I56111|한식 음식점업|11|서울특별시|11110|종로구|1111071000|숭인2동|1111017500|숭인동|1111017500202270007|1|대지|227|7|서울특별시 종로구 숭인동 227-7|111104100362|서울특별시 종로구 종로62길|10||1111017500102270007001240||서울특별시 종로구 종로62길 10|110550|03115||1||127.018945671304|37.5734493808957
20659418|올래생고기||Q|음식|Q01|한식|Q01A02|갈비/삼겹살|I56111|한식 음식점업|11|서울특별시|11110|종로구|1111071000|숭인2동|1111017500|숭인동|1111017500201740000|1|대지|174||서울특별시 종로구 숭인동 174|111103100013|서울특별시 종로구 종로|379||1111017500101740000001085||서울특별시 종로구 종로 379|110550|03112||1||127.019533316827|37.5743913481223
21643207|신도의원||S|의료|S01|병원|S01B02|일반병원|Q86102|일반 병원|11|서울특별시|11110|종로구|1111071000|숭인2동|1111017500|숭인동|1111017500202270002|1|대지|227|2|서울특별시 종로구 숭인동 227-2|111104100362|서울특별시 종로구 종로62길|6||1111017500102270002001033||서울특별시 종로구 종로62길 6|110550|03115||2||127.01879721837|37.5735472618362
21748156|고려당한의원||S|의료|S01|병원|S01B06|한의원|Q86203|한의원|11|서울특별시|11110|종로구|1111071000|숭인2동|1111017500|숭인동|1111017500207660000|1|대지|766||서울특별시 종로구 숭인동 766|111104100204|서울특별시 종로구 숭인동길|21||1111017500107660000000003|종로청계힐스테이트|서울특별시 종로구 숭인동길 21|110550|03112||1||127.020941654896|37.5757726225867
21712906|바롬치과의원||S|의료|S01|병원|S01B04|치과의원|Q86202|치과 의원|11|서울특별시|11110|종로구|1111071000|숭인2동|1111017500|숭인동|1111017500203940000|1|대지|394||서울특별시 종로구 숭인동 394|111104100204|서울특별시 종로구 숭인동길|78|5|1111017500103940000001151||서울특별시 종로구 숭인동길 78-5|110550|03111||1||127.022027907538|37.578412672312
21805348|이화유리||D|소매|D22|페인트/유리제품소매|D22A03|유리/거울판매|G47519|페인트, 유리 및 기타 건설자재 소매업|11|서울특별시|11110|종로구|1111071000|숭인2동|1111017500|숭인동|1111017500204100000|1|대지|410||서울특별시 종로구 숭인동 410|111104100204|서울특별시 종로구 숭인동길|54||1111017500104100000000742||서울특별시 종로구 숭인동길 54|110550|03111||1||127.022108907743|37.5774131857719
21770406|보금당||D|소매|D26|시계/귀금속소매|D26A03|금은방|G47830|시계 및 귀금속 소매업|11|서울특별시|11110|종로구|1111071000|숭인2동|1111017500|숭인동|1111017500212480000|1|대지|1248||서울특별시 종로구 숭인동 1248|111103005003|서울특별시 종로구 보문로|3||1111017500112480000001352||서울특별시 종로구 보문로 3|110550|03111||2||127.022839613399|37.5760766825176
22203770|숭인동우체국||F|생활서비스|F04|운송/배달/택배|F04B08|우체국/우편물취급소|J61100|우편업|11|서울특별시|11110|종로구|1111070000|숭인1동|1111017500|숭인동|1111017500200530025|1|대지|53|25|서울특별시 종로구 숭인동 53-25|111103005007|서울특별시 종로구 지봉로|88||1111017500100530025002881|숭인동우체국|서울특별시 종로구 지봉로 88|110550|03108||1||127.015546188671|37.5779983774173
22198213|보름달분식||Q|음식|Q13|음식배달서비스|Q13A02|국/찌개배달|I56132|이동 음식업|11|서울특별시|11110|종로구|1111070000|숭인1동|1111017500|숭인동|1111070000200630016|1|대지|63|16|서울특별시 종로구 숭인동 63-16|111104100392|서울특별시 종로구 지봉로8길|1|8|1111017500100630016001940||서울특별시 종로구 지봉로8길 1-8|110550|03109||||127.016010023986|37.5754432837161
22228479|예술표구화랑||D|소매|D17|예술품/골동품/수석/분재|D17A04|표구점|C33933|표구 및 전사처리 제조업|11|서울특별시|11110|종로구|1111071000|숭인2동|1111017500|숭인동|1111017500203170036|1|대지|317|36|서울특별시 종로구 숭인동 317-36|111104100356|서울특별시 종로구 종로56길|30||1111017500103170036000731||서울특별시 종로구 종로56길 30|110550|03114||1||127.016476961386|37.5717889399331
22981527|강선영미용실||F|생활서비스|F01|이/미용/건강|F01A01|여성미용실|S96112|두발미용업|11|서울특별시|11110|종로구|1111071000|숭인2동|1111017500|숭인동|1111017500201780060|1|대지|178|60|서울특별시 종로구 숭인동 178-60|111104100370|서울특별시 종로구 종로65길|30||1111017500101780060000803||서울특별시 종로구 종로65길 30|110550|03112||1||127.019956006579|37.5758275166759
23006814|현대벨크로||D|소매|D06|가방/신발/액세서리|D06A10|가방/가죽제품소매|G47430|가방 및 기타 가죽제품 소매업|11|서울특별시|11110|종로구|1111071000|숭인2동|1111017500|숭인동|1111017500202060001|1|대지|206|1|서울특별시 종로구 숭인동 206-1|111104100028|서울특별시 종로구 난계로27길|25||1111017500102060001001111||서울특별시 종로구 난계로27길 25|110550|03117||1|1|127.021816796186|37.5729145596674
23369620|심미뷰티||F|생활서비스|F01|이/미용/건강|F01A03|비만/피부관리|||11|서울특별시|11110|종로구|1111070000|숭인1동|1111017500|숭인동|1111017500200650011|1|대지|65|11|서울특별시 종로구 숭인동 65-11|111103005007|서울특별시 종로구 지봉로|62|1|1111017500100650011002896||서울특별시 종로구 지봉로 62-1|110550|03109||2||127.015826418302|37.5756309720952
23555491|국제무술교육원||F|생활서비스|F11|개인서비스|F11A01|탐정/경호|||11|서울특별시|11110|종로구|1111071000|숭인2동|1111017500|숭인동|1111017500200720070|1|대지|72|70|서울특별시 종로구 숭인동 72-70|111104100363|서울특별시 종로구 종로63가길|4||1111017500100720070001680|연남빌딩|서울특별시 종로구 종로63가길 4|110550|03112||1|403|127.018854260395|37.5743766957212
24163160|잉글리쉬월드||D|소매|D13|책/서적/도서|D13A01|서점|G47611|서적 및 잡지류 소매업|11|서울특별시|11110|종로구|1111071000|숭인2동|1111017500|숭인동|1111017500212520000|1|대지|1252||서울특별시 종로구 숭인동 1252|111103100013|서울특별시 종로구 종로|413||1111017500112540000001461|동보빌딩|서울특별시 종로구 종로 413|110550|03111||2|306|127.022512751172|37.5759658511897
24327064|와이즈텍||D|소매|D08|사무/문구/컴퓨터|D08A04|컴퓨터/주변기기|G47311|컴퓨터 및 주변장치, 소프트웨어 소매업|11|서울특별시|11110|종로구|1111071000|숭인2동|1111017500|숭인동|1111017500200720070|1|대지|72|70|서울특별시 종로구 숭인동 72-70|111104100363|서울특별시 종로구 종로63가길|4||1111017500100720070001680|연남빌딩|서울특별시 종로구 종로63가길 4|110550|03112|||207|127.018854260395|37.5743766957212
20703456|김극무영어||R|학문/교육|R04|학원-어학|R04A01|학원-외국어/어학|P85502|외국어학원|26|부산광역시|26260|동래구|2626059000|사직2동|2626010900|사직동|2626010900210170000|1|대지|1017||부산광역시 동래구 사직동 1017|262603130009|부산광역시 동래구 사직로|80||2626010900100800012008128|사직쌍용예가|부산광역시 동래구 사직로 80|607786|47863||1||129.057535160126|35.1966416954681
22197763|영스포츠마사지||N|관광/여가/오락|N05|요가/단전/마사지|N05A06|스포츠마사지|S96122|마사지업|26|부산광역시|26260|동래구|2626059000|사직2동|2626010900|사직동|2626010900200780042|1|대지|78|42|부산광역시 동래구 사직동 78-42|262604190233|부산광역시 동래구 사직북로13번길|12||2626010900100780042008249|보람상가|부산광역시 동래구 사직북로13번길 12|607120|47865||3||129.059999436964|35.1969897180963
22224495|고려한약국||S|의료|S02|약국/한약방|S02A02|한약방|G47811|의약품 및 의료용품 소매업|26|부산광역시|26260|동래구|2626058000|사직1동|2626010900|사직동|2626010900201030006|1|대지|103|6|부산광역시 동래구 사직동 103-6|262604190356|부산광역시 동래구 여고로12번길|14||2626010900101030006007885||부산광역시 동래구 여고로12번길 14|607120|47876||1||129.065533376572|35.1944262830689
23402967|김영희해물찜전골|경복궁점|Q|음식|Q03|일식/수산물|Q03A08|매운탕전문|I56111|한식 음식점업|11|서울특별시|11110|종로구|1111053000|사직동|1111011300|필운동|1111011300202070000|1|대지|207||서울특별시 종로구 필운동 207|111103100005|서울특별시 종로구 사직로|103|17|1111011300102070003027631||서울특별시 종로구 사직로 103-17|110044|03041||1||126.970295358169|37.5763148270682
25309436|실버텔인수목적||L|부동산|L01|부동산중개|L01A01|부동산중개|L68221|부동산 자문 및 중개업|11|서울특별시|11110|종로구|1111053000|사직동|1111012000|신문로1가|1111012000202260000|1|대지|226||서울특별시 종로구 신문로1가 226|111103005004|서울특별시 종로구 새문안로|68||1111012000102260000000001|흥국생명빌딩|서울특별시 종로구 새문안로 68|110786|03184||3||126.972119281815|37.5696359955689
25205536|에릭스팩토리||F|생활서비스|F12|광고/인쇄|F12A05|광고물제작-종합|C33910|간판 및 광고물 제조업|11|서울특별시|11110|종로구|1111053000|사직동|1111012100|신문로2가|1111012100200010038|1|대지|1|38|서울특별시 종로구 신문로2가 1-38|111104100010|서울특별시 종로구 경희궁길|33||1111012100100010038028765|내자빌딩|서울특별시 종로구 경희궁길 33|110062|03176||1||126.969816329868|37.5724632081613
20741415|수학공간||R|학문/교육|R01|학원-보습교습입시|R01A01|학원-입시|P85501|일반 교과 학원|26|부산광역시|26260|동래구|2626059000|사직2동|2626010900|사직동|2626010900200450023|1|대지|45|23|부산광역시 동래구 사직동 45-23|262604190234|부산광역시 동래구 사직북로19번길|18||2626010900100450023008154||부산광역시 동래구 사직북로19번길 18|607120|47864||2||129.059567382478|35.1975433450656
22165049|월드노래연습장||N|관광/여가/오락|N02|무도/유흥/가무|N02A01|노래방|R91223|노래연습장 운영업|26|부산광역시|26260|동래구|2626059000|사직2동|2626010900|사직동|2626010900200790014|1|대지|79|14|부산광역시 동래구 사직동 79-14|262604190234|부산광역시 동래구 사직북로19번길|31||2626010900100790014008261||부산광역시 동래구 사직북로19번길 31|607120|47865||2||129.058760584952|35.1971447778892
25235733|아시아인베스트먼트컨설팅||F|생활서비스|F13|기타서비스업|F13A01|사업경영상담|M71531|경영컨설팅업|11|서울특별시|11110|종로구|1111053000|사직동|1111011800|내수동|1111011800200750000|1|대지|75||서울특별시 종로구 내수동 75|111104100158|서울특별시 종로구 새문안로3길|36||1111011800100750000032027|용비어천가|서울특별시 종로구 새문안로3길 36|110070|03173||5||126.973278684314|37.573412433452
19990446|세종호프||Q|음식|Q09|유흥주점|Q09A01|호프/맥주|I56219|기타 주점업|11|서울특별시|11110|종로구|1111053000|사직동|1111011700|당주동|1111011700200400000|1|대지|40||서울특별시 종로구 당주동 40|111104100160|서울특별시 종로구 새문안로5길|11||1111011700100400000028379||서울특별시 종로구 새문안로5길 11|110071|03182||||126.974712906067|37.5711903188598
20001995|오피시아분식||Q|음식|Q04|분식|Q04A01|라면김밥분식|I56194|분식 및 김밥 전문점|11|서울특별시|11110|종로구|1111053000|사직동|1111012000|신문로1가|1111012000201630000|1|대지|163||서울특별시 종로구 신문로1가 163|111103005004|서울특별시 종로구 새문안로|92||1111012000101630000031927|광화문오피시아|서울특별시 종로구 새문안로 92|110999|03186||1||126.974868861844|37.5697229770514
19998503|COFFEEN||Q|음식|Q12|커피점/카페|Q12A01|커피전문점/카페/다방|I56220|비알콜 음료점업|11|서울특별시|11110|종로구|1111053000|사직동|1111011400|내자동|1111011400201250003|1|대지|125|3|서울특별시 종로구 내자동 125-3|111104100124|서울특별시 종로구 사직로12길|2||1111011400101250003028687||서울특별시 종로구 사직로12길 2|110053|03169||1||126.971049896735|37.5757807827993
20043014|용궁떡방앗간||F|생활서비스|F02|세탁/가사서비스|F02A04|방앗간/정미소|||26|부산광역시|26260|동래구|2626059000|사직2동|2626010900|사직동|2626010900200460026|1|대지|46|26|부산광역시 동래구 사직동 46-26|262604190238|부산광역시 동래구 사직북로47번길|25||2626010900100460026021406||부산광역시 동래구 사직북로47번길 25|607120|47864||1||129.059481905107|35.1985716734343
20031719|유가네||Q|음식|Q05|닭/오리요리|Q05A02|닭갈비전문|I56111|한식 음식점업|26|부산광역시|26260|동래구|2626059000|사직2동|2626010900|사직동|2626010900200920007|1|대지|92|7|부산광역시 동래구 사직동 92-7|262603130010|부산광역시 동래구 사직북로|1||2626010900100920007008081||부산광역시 동래구 사직북로 1|607120|47865||1||129.060623381006|35.1959927296575
20386570|경일디자인포장||F|생활서비스|F13|기타서비스업|F13A03|상품포장|N75994|포장 및 충전업|26|부산광역시|26260|동래구|2626060000|사직3동|2626010900|사직동|2626010900201440028|1|대지|144|28|부산광역시 동래구 사직동 144-28|262602000010|부산광역시 동래구 중앙대로|1279||2626010900101440028006915||부산광역시 동래구 중앙대로 1279|607120|47832||1||129.077615667982|35.2013411552772
20382833|레더라경희궁점|경희궁점|Q|음식|Q09|유흥주점|Q09A08|빠/카페/스탠드빠|I56211|일반유흥 주점업|11|서울특별시|11110|종로구|1111053000|사직동|1111011300|필운동|1111011300202890000|1|대지|289||서울특별시 종로구 필운동 289|111104100135|서울특별시 종로구 사직로8길|5||1111011300102890000000001|제이앤제이빌딩|서울특별시 종로구 사직로8길 5|110044|03169||1||126.96949288005|37.5753977744994
20484193|가봉루||Q|음식|Q02|중식|Q02A00|중국음식/중국집|I56112|중식 음식점업|11|서울특별시|11110|종로구|1111053000|사직동|1111011900|세종로|1111053000201660001|1|대지|166|1|서울특별시 종로구 세종로 166-1|111104100190|서울특별시 종로구 세종대로23길|3||1111011900101660001027715||서울특별시 종로구 세종대로23길 3|110822|03183||||126.976202689955|37.57151861269
20482937|세종문화회관세종홀||Q|음식|Q01|한식|Q01A01|한식/백반/한정식|I56111|한식 음식점업|11|서울특별시|11110|종로구|1111053000|사직동|1111011900|세종로|1111011900200810003|1|대지|81|3|서울특별시 종로구 세종로 81-3|111102005001|서울특별시 종로구 세종대로|175||1111011900100810003027269||서울특별시 종로구 세종대로 175|110821|03172||3||126.976152973846|37.5718425561037
20706545|차크라코스메틱||F|생활서비스|F01|이/미용/건강|F01A03|비만/피부관리|||26|부산광역시|26260|동래구|2626059000|사직2동|2626010900|사직동|2626010900200430012|1|대지|43|12|부산광역시 동래구 사직동 43-12|262604190244|부산광역시 동래구 사직북로63번길|54||2626010900100430012021461||부산광역시 동래구 사직북로63번길 54|607120|47864||1||129.058033581844|35.1978181581805
20717100|미지트가구||D|소매|D15|가구소매|D15A01|일반가구소매|G47520|가구 소매업|26|부산광역시|26260|동래구|2626058000|사직1동|2626010900|사직동|2626010900200710008|1|대지|71|8|부산광역시 동래구 사직동 71-8|262603130011|부산광역시 동래구 석사로|38||2626010900100710008008875||부산광역시 동래구 석사로 38|607120|47858||1||129.063614934656|35.1997252707121
20709992|큰나래영어전문학원||R|학문/교육|R04|학원-어학|R04A01|학원-외국어/어학|P85502|외국어학원|26|부산광역시|26260|동래구|2626059000|사직2동|2626010900|사직동|2626010900200790013|1|대지|79|13|부산광역시 동래구 사직동 79-13|262604190231|부산광역시 동래구 사직로70번길|36||2626010900100790013008260||부산광역시 동래구 사직로70번길 36|607120|47865||3||129.05792179061|35.1968185957153
20675855|아담집||Q|음식|Q04|분식|Q04A01|라면김밥분식|I56194|분식 및 김밥 전문점|11|서울특별시|11110|종로구|1111053000|사직동|1111011300|필운동|1111011300202040002|1|대지|204|2|서울특별시 종로구 필운동 204-2|111104100272|서울특별시 종로구 자하문로1길|35||1111011300102040002027644||서울특별시 종로구 자하문로1길 35|110044|03041||1||126.970213638804|37.5764943220798
20722715|롯데슈퍼마켓||D|소매|D03|종합소매점|D03A02|수퍼마켓|G47121|슈퍼마켓|26|부산광역시|26260|동래구|2626060000|사직3동|2626010900|사직동|2626010900200580018|1|대지|58|18|부산광역시 동래구 사직동 58-18|262603130017|부산광역시 동래구 여고북로|8||2626010900100580018010050||부산광역시 동래구 여고북로 8|607120|47840||1||129.065877621216|35.2014450487195
20708220|와플PC||N|관광/여가/오락|N01|PC/오락/당구/볼링등|N01A01|인터넷PC방|R91222|컴퓨터 게임방 운영업|26|부산광역시|26260|동래구|2626059000|사직2동|2626010900|사직동|2626010900200920007|1|대지|92|7|부산광역시 동래구 사직동 92-7|262603130010|부산광역시 동래구 사직북로|1||2626010900100920007008081||부산광역시 동래구 사직북로 1|607120|47865||3||129.060623381006|35.1959927296575
20573513|폴바셋|신문로점|Q|음식|Q12|커피점/카페|Q12A01|커피전문점/카페/다방|I56220|비알콜 음료점업|11|서울특별시|11110|종로구|1111053000|사직동|1111012000|신문로1가|1111012000202380000|1|대지|238||서울특별시 종로구 신문로1가 238|111104100158|서울특별시 종로구 새문안로3길|12||1111012000102380000027255|신문로빌딩|서울특별시 종로구 새문안로3길 12|110061|03182||1||126.972967563172|37.5713373346185
12623573|한국체대경희궁멘토태권도||R|학문/교육|R07|학원-예능취미체육|R07A20|태권도장|P85611|스포츠 교육기관|11|서울특별시|11110|종로구|1111058000|교남동|1111017900|홍파동|1111017900200420013|1|대지|42|13|서울특별시 종로구 홍파동 42-13|111104100192|서울특별시 종로구 송월길|99||1111017900100420013020080|경희궁자이|서울특별시 종로구 송월길 99|110100|03165|파||2225|126.96354958743|37.5713000747537
12631780|조이텔레콤||D|소매|D18|사진/광학/정밀기기소매|D18A02|핸드폰소매|G47312|통신기기 소매업|11|서울특별시|11110|종로구|1111058000|교남동|1111017900|홍파동|1111017900200420013|1|대지|42|13|서울특별시 종로구 홍파동 42-13|111104100192|서울특별시 종로구 송월길|99||1111017900100420013020080|경희궁자이|서울특별시 종로구 송월길 99|110100|03165|에이||301|126.96354958743|37.5713000747537
12629820|엔터텔레콤||F|생활서비스|F03|개인/가정용품수리|F03A06|정보통신기기수리|S95122|통신장비 수리업|11|서울특별시|11110|종로구|1111058000|교남동|1111017900|홍파동|1111017900200420013|1|대지|42|13|서울특별시 종로구 홍파동 42-13|111104100192|서울특별시 종로구 송월길|99||1111017900100420013020080|경희궁자이|서울특별시 종로구 송월길 99|110100|03165||||126.96354958743|37.5713000747537
12638277|원스헤어||F|생활서비스|F01|이/미용/건강|F01A01|여성미용실|S96112|두발미용업|11|서울특별시|11110|종로구|1111058000|교남동|1111017900|홍파동|1111017900200420013|1|대지|42|13|서울특별시 종로구 홍파동 42-13|111104100192|서울특별시 종로구 송월길|99||1111017900100420013020080|경희궁자이|서울특별시 종로구 송월길 99|110100|03165||||126.96354958743|37.5713000747537
12601433|초록마을|경희궁자이점|D|소매|D10|건강/미용식품|D10A04|건강식품판매|G47216|건강보조식품 소매업|11|서울특별시|11110|종로구|1111058000|교남동|1111017900|홍파동|1111017900200420013|1|대지|42|13|서울특별시 종로구 홍파동 42-13|111104100192|서울특별시 종로구 송월길|99||1111017900100420013020080|경희궁자이|서울특별시 종로구 송월길 99|110100|03165||||126.96354958743|37.5713000747537
12615064|CU|경희궁자이점|D|소매|D03|종합소매점|D03A01|편의점|G47122|체인화 편의점|11|서울특별시|11110|종로구|1111058000|교남동|1111017900|홍파동|1111017900200420013|1|대지|42|13|서울특별시 종로구 홍파동 42-13|111104100192|서울특별시 종로구 송월길|99||1111017900100420013020080|경희궁자이|서울특별시 종로구 송월길 99|110100|03165||21||126.96354958743|37.5713000747537
12602844|리안|헤어경희궁자이점|F|생활서비스|F01|이/미용/건강|F01A01|여성미용실|S96112|두발미용업|11|서울특별시|11110|종로구|1111058000|교남동|1111017900|홍파동|1111017900200420013|1|대지|42|13|서울특별시 종로구 홍파동 42-13|111104100192|서울특별시 종로구 송월길|99||1111017900100420013020080|경희궁자이|서울특별시 종로구 송월길 99|110100|03165||||126.96354958743|37.5713000747537
14063104|우분투||Q|음식|Q06|양식|Q06A01|정통양식/경양식|I56114|서양식 음식점업|11|서울특별시|11110|종로구|1111058000|교남동|1111017900|홍파동|1111017900200420013|1|대지|42|13|서울특별시 종로구 홍파동 42-13|111104100192|서울특별시 종로구 송월길|99||1111017900100420013020080|경희궁자이2단지|서울특별시 종로구 송월길 99|110100|03165||||126.962399558008|37.5709655979056
13648598|빙고앤쿡||Q|음식|Q01|한식|Q01A01|한식/백반/한정식|I56111|한식 음식점업|11|서울특별시|11110|종로구|1111058000|교남동|1111017900|홍파동|1111017900200420013|1|대지|42|13|서울특별시 종로구 홍파동 42-13|111104100192|서울특별시 종로구 송월길|99||1111017900100420013020080|경희궁자이|서울특별시 종로구 송월길 99|110100|03165||||126.96354958743|37.5713000747537
14377941|가츠몽경희궁|자이점|Q|음식|Q01|한식|Q01A01|한식/백반/한정식|I56111|한식 음식점업|11|서울특별시|11110|종로구|1111058000|교남동|1111017900|홍파동|1111017900200420013|1|대지|42|13|서울특별시 종로구 홍파동 42-13|111104100192|서울특별시 종로구 송월길|99||1111017900100420013020080|경희궁자이2단지|서울특별시 종로구 송월길 99|110100|03165||||126.962399558008|37.5709655979056
15534502|달과궁한의원||S|의료|S01|병원|S01B06|한의원|Q86203|한의원|11|서울특별시|11110|종로구|1111058000|교남동|1111017900|홍파동|1111017900200420013|1|대지|42|13|서울특별시 종로구 홍파동 42-13|111104100192|서울특별시 종로구 송월길|99||1111017900100420013020080|경희궁자이2단지|서울특별시 종로구 송월길 99|110100|03165|||2221|126.962399558008|37.5709655979056
16149848|네이처컬렉션|경희궁자이점|D|소매|D16|화장품소매|D16A01|화장품판매점|G47813|화장품 및 방향제 소매업|11|서울특별시|11110|종로구|1111058000|교남동|1111017900|홍파동|1111017900200420013|1|대지|42|13|서울특별시 종로구 홍파동 42-13|111104100192|서울특별시 종로구 송월길|99||1111017900100420013020080|경희궁자이2단지|서울특별시 종로구 송월길 99|110100|03165||21||126.962399558008|37.5709655979056
21757611|메디애플||D|소매|D07|가정/주방/인테리어|D07A01|인테리어/욕실용품/커튼|G47599|그외 기타 분류안된 가정용품 소매업|11|서울특별시|11110|종로구|1111051500|청운효자동|1111010900|누상동|1111010900201660214|1|대지|166|214|서울특별시 종로구 누상동 166-214|111104100211|서울특별시 종로구 옥인6길|32||1111010900101660214030329|고려빌라|서울특별시 종로구 옥인6길 32|110041|03038||1||126.96460697237|37.5807792738688
22250163|웰비스||F|생활서비스|F05|인력/고용/용역알선|F05A02|인력공급/고용알선|||11|서울특별시|11110|종로구|1111051500|청운효자동|1111010900|누상동|1111010900201660132|1|대지|166|132|서울특별시 종로구 누상동 166-132|111104100211|서울특별시 종로구 옥인6길|18||1111010900101660133029118|우경하이츠빌라|서울특별시 종로구 옥인6길 18|110041|03038||2||126.9642832628|37.5812629946512
21763362|대한익스프레스||F|생활서비스|F04|운송/배달/택배|F04A06|종합이삿짐대행|H49311|일반 화물자동차 운송업|11|서울특별시|11110|종로구|1111051500|청운효자동|1111010900|누상동|1111010900200270000|1|대지|27||서울특별시 종로구 누상동 27|111104100207|서울특별시 종로구 옥인3길|8||1111010900100270000029104||서울특별시 종로구 옥인3길 8|110041|03038||1||126.966293581228|37.5808030664036
25065068|커밍제인||D|소매|D07|가정/주방/인테리어|D07A01|인테리어/욕실용품/커튼|G47599|그외 기타 분류안된 가정용품 소매업|11|서울특별시|11110|종로구|1111051500|청운효자동|1111010900|누상동|1111010900200410000|1|대지|41||서울특별시 종로구 누상동 41|111104100207|서울특별시 종로구 옥인3길|3||1111010900100410000029867||서울특별시 종로구 옥인3길 3|110041|03037||1||126.966518743131|37.58089514184
23379813|묘한술책||Q|음식|Q09|유흥주점|Q09A01|호프/맥주|I56219|기타 주점업|11|서울특별시|11110|종로구|1111051500|청운효자동|1111010900|누상동|1111010900201660161|1|대지|166|161|서울특별시 종로구 누상동 166-161|111104100212|서울특별시 종로구 옥인길|71||1111010900101660161029196||서울특별시 종로구 옥인길 71|110041|03038||2||126.964899400037|37.5817369391327
24757741|정원||D|소매|D07|가정/주방/인테리어|D07A01|인테리어/욕실용품/커튼|G47599|그외 기타 분류안된 가정용품 소매업|11|서울특별시|11110|종로구|1111051500|청운효자동|1111010900|누상동|1111010900200520002|1|대지|52|2|서울특별시 종로구 누상동 52-2|111104100212|서울특별시 종로구 옥인길|33||1111010900100520002030119||서울특별시 종로구 옥인길 33|110041|03037||||126.966834842251|37.5809609816764
25031503|센드||D|소매|D06|가방/신발/액세서리|D06A05|액세서리판매|G47419|기타 섬유, 직물 및 의복액세서리 소매업|11|서울특별시|11110|종로구|1111051500|청운효자동|1111010900|누상동|1111010900200010001|1|대지|1|1|서울특별시 종로구 누상동 1-1|111104100212|서울특별시 종로구 옥인길|54||1111010900100010001030602|이원명가|서울특별시 종로구 옥인길 54|110041|03034|||01|126.965944749277|37.5814667794686
24950922|경복궁옷집||D|소매|D05|의복의류|D05A01|일반의류|G47416|셔츠 및 기타 의복 소매업|11|서울특별시|11110|종로구|1111051500|청운효자동|1111010900|누상동|1111010900201660219|1|대지|166|219|서울특별시 종로구 누상동 166-219|111104100211|서울특별시 종로구 옥인6길|22||1111010900101660219029117||서울특별시 종로구 옥인6길 22|110041|03038||||126.964285758993|37.5810828089039
24190212|제일슈퍼||D|소매|D03|종합소매점|D03A02|수퍼마켓|G47121|슈퍼마켓|11|서울특별시|11110|종로구|1111051500|청운효자동|1111010900|누상동|1111010900200170000|1|대지|17||서울특별시 종로구 누상동 17|111104100207|서울특별시 종로구 옥인3길|2|1|1111010900100170000029475||서울특별시 종로구 옥인3길 2-1|110041|03038||||126.966314104374|37.5809564226637
24211029|엔케이스포츠||D|소매|D14|운동/경기용품소매|D14A01|운동/경기용품|G47631|운동 및 경기용품 소매업|11|서울특별시|11110|종로구|1111051500|청운효자동|1111010900|누상동|1111010900200010001|1|대지|1|1|서울특별시 종로구 누상동 1-1|111104100212|서울특별시 종로구 옥인길|54||1111010900100010001030602|이원명가|서울특별시 종로구 옥인길 54|110041|03034|||402|126.965944749277|37.5814667794686
21685714|서울리무진||F|생활서비스|F20|행사/이벤트|F20A03|행사대행|N75992|전시 및 행사 대행업|11|서울특별시|11110|종로구|1111051500|청운효자동|1111010900|누상동|1111010900201590012|1|대지|159|12|서울특별시 종로구 누상동 159-12|111104100530|서울특별시 종로구 필운대로5다길|19|1|1111010900101590012030590||서울특별시 종로구 필운대로5다길 19-1|110041|03038|102|1||126.966017567577|37.5794761223144
23315924|카페사이좋은||Q|음식|Q12|커피점/카페|Q12A01|커피전문점/카페/다방|I56220|비알콜 음료점업|11|서울특별시|11110|종로구|1111051500|청운효자동|1111010900|누상동|1111010900200530001|1|대지|53|1|서울특별시 종로구 누상동 53-1|111104100212|서울특별시 종로구 옥인길|23|6|1111010900100530001029375|누상빌라|서울특별시 종로구 옥인길 23-6|110041|03037||1||126.967062868218|37.5808458422956
20596487|아우네빈대떡||Q|음식|Q01|한식|Q01A01|한식/백반/한정식|I56111|한식 음식점업|11|서울특별시|11110|종로구|1111053000|사직동|1111011400|내자동|1111011400200010002|1|대지|1|2|서울특별시 종로구 내자동 1-2|111104100272|서울특별시 종로구 자하문로1길|3||1111011400100010003027828||서울특별시 종로구 자하문로1길 3|110053|03041||1||126.972150179603|37.5764481272586
20586910|본가궁중족발||Q|음식|Q01|한식|Q01A08|족발/보쌈전문|I56111|한식 음식점업|11|서울특별시|11110|종로구|1111053000|사직동|1111011200|체부동|1111011200202120000|1|대지|212||서울특별시 종로구 체부동 212|111104100275|서울특별시 종로구 자하문로1라길|11|3|1111011200102120000027377||서울특별시 종로구 자하문로1라길 11-3|110045|03041||1||126.970446515235|37.5768477587523
20874493|김영애헤어샵||F|생활서비스|F01|이/미용/건강|F01A01|여성미용실|S96112|두발미용업|26|부산광역시|26260|동래구|2626060000|사직3동|2626010900|사직동|2626010900201270011|1|대지|127|11|부산광역시 동래구 사직동 127-11|262604190361|부산광역시 동래구 여고로51번길|28||2626010900101270011002261||부산광역시 동래구 여고로51번길 28|607120|47843||1||129.06926003721|35.1972598417745
21695921|제일오토미션||F|생활서비스|F14|자동차/이륜차|F14A01|자동차정비/카센타|||26|부산광역시|26260|동래구|2626060000|사직3동|2626010900|사직동|2626010900201290006|1|대지|129|6|부산광역시 동래구 사직동 129-6|262603130030|부산광역시 동래구 여고로|59||2626010900101290006002400||부산광역시 동래구 여고로 59|607120|47843||1||129.070324476088|35.1963670803128
21761163|경영지도법인지방공기업평가원||F|생활서비스|F13|기타서비스업|F13A01|사업경영상담|M71531|경영컨설팅업|11|서울특별시|11110|종로구|1111053000|사직동|1111011500|사직동|1111011500203040028|1|대지|304|28|서울특별시 종로구 사직동 304-28|111104100132|서울특별시 종로구 사직로5길|45||1111011500103040028027332||서울특별시 종로구 사직로5길 45|110054|03028||||126.964930037622|37.5737990559452
22182611|태백산보살||F|생활서비스|F11|개인서비스|F11A02|운명감정작명|S96992|점술 및 유사 서비스업|11|서울특별시|11110|종로구|1111067000|창신1동|1111017400|창신동|1111017400200810001|1|대지|81|1|서울특별시 종로구 창신동 81-1|111104100391|서울특별시 종로구 지봉로7길|7||1111017400100810001005037||서울특별시 종로구 지봉로7길 7|110540|03103||1||127.015317929129|37.5746986575486
23393637|프렌즈PC방||N|관광/여가/오락|N01|PC/오락/당구/볼링등|N01A01|인터넷PC방|R91222|컴퓨터 게임방 운영업|11|서울특별시|11110|종로구|1111068000|창신2동|1111017400|창신동|1111017400206470015|1|대지|647|15|서울특별시 종로구 창신동 647-15|111104100453|서울특별시 종로구 창신길|49||1111017400106470015003774||서울특별시 종로구 창신길 49|110540|03097||1||127.010427272357|37.5738468229343
20676539|우성식당||Q|음식|Q01|한식|Q01A01|한식/백반/한정식|I56111|한식 음식점업|11|서울특별시|11110|종로구|1111067000|창신1동|1111017400|창신동|1111017400204590030|1|대지|459|30|서울특별시 종로구 창신동 459-30|111104100346|서울특별시 종로구 종로50길|18||1111017400104590030005278||서울특별시 종로구 종로50길 18|110540|03119||1||127.012489742189|37.5711159129689
21508343|영훈상사||D|소매|D21|철물/난방/건설자재소매|D21A02|보일러/냉난방용품|G47511|철물 및 난방용구 소매업|11|서울특별시|11110|종로구|1111067000|창신1동|1111017400|창신동|1111017400204000001|1|대지|400|1|서울특별시 종로구 창신동 400-1|111104100387|서울특별시 종로구 지봉로2길|15||1111017400104000001005624||서울특별시 종로구 지봉로2길 15|110540|03118||||127.017485831607|37.57082421387
21837450|동명하수구||F|생활서비스|F15|주택수리|F15A06|수도설비|F42201|배관 및 냉·난방 공사업|11|서울특별시|11110|종로구|1111068000|창신2동|1111017400|창신동|1111017400206090000|1|대지|609||서울특별시 종로구 창신동 609|111104100430|서울특별시 종로구 창신10길|5|1|1111017400106100002004830|이화맨션|서울특별시 종로구 창신10길 5-1|110540|03090||1||127.00928235524|37.5782343059899
22226854|부흥상회||D|소매|D03|종합소매점|D03A03|잡화점|G47190|그외 기타 종합 소매업|11|서울특별시|11110|종로구|1111069000|창신3동|1111017400|창신동|1111017400207030000|1|대지|703||서울특별시 종로구 창신동 703|111104100020|서울특별시 종로구 낙산길|196||1111017400107030000003053|나선약국|서울특별시 종로구 낙산길 196|110540|03092||3||127.012049391481|37.5813120287811
22205323|대성공인중개사사무소||L|부동산|L01|부동산중개|L01A01|부동산중개|L68221|부동산 자문 및 중개업|11|서울특별시|11110|종로구|1111069000|창신3동|1111017400|창신동|1111017400207030000|1|대지|703||서울특별시 종로구 창신동 703|111104100020|서울특별시 종로구 낙산길|196||1111017400107030000003053|나선약국|서울특별시 종로구 낙산길 196|110540|03092||1||127.012049391481|37.5813120287811
22253713|우즈노래방||N|관광/여가/오락|N02|무도/유흥/가무|N02A01|노래방|R91223|노래연습장 운영업|11|서울특별시|11110|종로구|1111067000|창신1동|1111017400|창신동|1111017400200770001|1|대지|77|1|서울특별시 종로구 창신동 77-1|111103005007|서울특별시 종로구 지봉로|57||1111017400100770002006130||서울특별시 종로구 지봉로 57|110540|03103||-1||127.01542341489|37.575285215247
22193655|광지부동산||L|부동산|L01|부동산중개|L01A01|부동산중개|L68221|부동산 자문 및 중개업|11|서울특별시|11110|종로구|1111067000|창신1동|1111017400|창신동|1111017400203090001|1|대지|309|1|서울특별시 종로구 창신동 309-1|111103100013|서울특별시 종로구 종로|329|2|1111017400103090001005051||서울특별시 종로구 종로 329-2|110540|03104||1||127.014277874538|37.5728698707088
22246986|관용미싱||D|소매|D25|기타판매업|D25A14|미싱판매|G47599|그외 기타 분류안된 가정용품 소매업|11|서울특별시|11110|종로구|1111067000|창신1동|1111017400|창신동|1111017400200830000|1|대지|83||서울특별시 종로구 창신동 83|111104100390|서울특별시 종로구 지봉로5길|25||1111017400100830000005789||서울특별시 종로구 지봉로5길 25|110540|03103||1||127.014588962733|37.5750349709573
22360534|삼우웨딩홀||F|생활서비스|F17|예식/의례/관혼상제|F17A01|예식장/예식서비스|S96991|예식장업|11|서울특별시|11110|종로구|1111067000|창신1동|1111017400|창신동|1111017400203280018|1|대지|328|18|서울특별시 종로구 창신동 328-18|111103005007|서울특별시 종로구 지봉로|19||1111017400103280018005740|삼우텍스프라자|서울특별시 종로구 지봉로 19|110540|03121||||127.015187169001|37.5717331349914
22813408|제노피시||N|관광/여가/오락|N01|PC/오락/당구/볼링등|N01A01|인터넷PC방|R91222|컴퓨터 게임방 운영업|11|서울특별시|11110|종로구|1111067000|창신1동|1111017400|창신동|1111017400202920000|1|대지|292||서울특별시 종로구 창신동 292|111103100013|서울특별시 종로구 종로|335||1111017400102920000005089|원풍빌빙|서울특별시 종로구 종로 335|110540|03104||1||127.014807034659|37.5730905383944
22968787|리베라||O|숙박|O02|모텔/여관/여인숙|O02A01|모텔/여관/여인숙|I55112|여관업|11|서울특별시|11110|종로구|1111067000|창신1동|1111017400|창신동|1111017400202160000|1|대지|216||서울특별시 종로구 창신동 216|111103100013|서울특별시 종로구 종로|329|3|1111017400102160000005221||서울특별시 종로구 종로 329-3|110540|03104||1||127.014118334988|37.5729496323086
23308379|아동회관어린이집||R|학문/교육|R08|유아교육|R08A02|어린이집|Q87210|보육시설 운영업|11|서울특별시|11110|종로구|1111069000|창신3동|1111017400|창신동|1111017400200060025|2|산|6|25|서울특별시 종로구 창신동 산6-25|111103005007|서울특별시 종로구 지봉로|97||1111017400200060025003452||서울특별시 종로구 지봉로 97|110540|03094|3|1||127.015116308071|37.5788327608952
24910424|이어클린샵||D|소매|D03|종합소매점|D03A04|생활용품판매|G47190|그외 기타 종합 소매업|11|서울특별시|11110|종로구|1111067000|창신1동|1111017400|창신동|1111017400204380016|1|대지|438|16|서울특별시 종로구 창신동 438-16|111104100343|서울특별시 종로구 종로46길|27||1111017400104380016006232|덕일빌딩|서울특별시 종로구 종로46길 27|110540|03119||2||127.010349135942|37.5703411109633
19969469|OK치킨||Q|음식|Q05|닭/오리요리|Q05A08|후라이드/양념치킨|I56193|치킨 전문점|11|서울특별시|11110|종로구|1111069000|창신3동|1111017400|창신동|1111017400200230074|1|대지|23|74|서울특별시 종로구 창신동 23-74|111103005007|서울특별시 종로구 지봉로|77|3|1111017400100230074003236||서울특별시 종로구 지봉로 77-3|110540|03095||1||127.015220942858|37.5769054031339
20003991|동문||Q|음식|Q01|한식|Q01A01|한식/백반/한정식|I56111|한식 음식점업|11|서울특별시|11110|종로구|1111067000|창신1동|1111017400|창신동|1111017400201420044|1|대지|142|44|서울특별시 종로구 창신동 142-44|111104100352|서울특별시 종로구 종로51나길|5||1111017400101420044000001||서울특별시 종로구 종로51나길 5|110540|03105||1||127.012016389896|37.5726707568835
19999480|동문별관||Q|음식|Q01|한식|Q01A01|한식/백반/한정식|I56111|한식 음식점업|11|서울특별시|11110|종로구|1111067000|창신1동|1111017400|창신동|1111017400205090002|1|대지|509|2|서울특별시 종로구 창신동 509-2|111103100013|서울특별시 종로구 종로|304|1|1111017400105090002006208||서울특별시 종로구 종로 304-1|110540|03119||1||127.011655712157|37.5716946113048
20264296|이디야커피|창신점|Q|음식|Q12|커피점/카페|Q12A01|커피전문점/카페/다방|I56220|비알콜 음료점업|11|서울특별시|11110|종로구|1111067000|창신1동|1111017400|창신동|1111017400203660000|1|대지|366||서울특별시 종로구 창신동 366|111103100013|서울특별시 종로구 종로|316|1|1111017400103730000005465||서울특별시 종로구 종로 316-1|110540|03121||1||127.012907975586|37.5720204539642
20629578|장수갈비손칼국수||Q|음식|Q04|분식|Q04A02|국수/만두/칼국수|I56194|분식 및 김밥 전문점|11|서울특별시|11110|종로구|1111067000|창신1동|1111017400|창신동|1111017400201420002|1|대지|142|2|서울특별시 종로구 창신동 142-2|111104100351|서울특별시 종로구 종로51길|30||1111017400101420002005088||서울특별시 종로구 종로51길 30|110540|03105||1||127.011454241927|37.5732337078084
20813134|황제노래빠||Q|음식|Q09|유흥주점|Q09A10|룸살롱/단란주점|I56211|일반유흥 주점업|11|서울특별시|11110|종로구|1111067000|창신1동|1111017400|창신동|1111017400203780000|1|대지|378||서울특별시 종로구 창신동 378|111103100013|서울특별시 종로구 종로|318||1111017400103790000005728||서울특별시 종로구 종로 318|110540|03121||2||127.013111483376|37.572040176306
20610493|김밥사랑||Q|음식|Q04|분식|Q04A01|라면김밥분식|I56194|분식 및 김밥 전문점|11|서울특별시|11110|종로구|1111067000|창신1동|1111017400|창신동|1111017400204650000|1|대지|465||서울특별시 종로구 창신동 465|111103100013|서울특별시 종로구 종로|298||1111017400104650000005586||서울특별시 종로구 종로 298|110540|03119||1||127.010990146435|37.571517838999
21748268|아세아공인중개사||L|부동산|L01|부동산중개|L01A01|부동산중개|L68221|부동산 자문 및 중개업|11|서울특별시|11110|종로구|1111069000|창신3동|1111017400|창신동|1111017400207030000|1|대지|703||서울특별시 종로구 창신동 703|111104100020|서울특별시 종로구 낙산길|196||1111017400107030000003053|나선약국|서울특별시 종로구 낙산길 196|110540|03092||1||127.012049391481|37.5813120287811
21809612|공명종합설비||D|소매|D21|철물/난방/건설자재소매|D21A02|보일러/냉난방용품|G47511|철물 및 난방용구 소매업|11|서울특별시|11110|종로구|1111069000|창신3동|1111017400|창신동|1111017400207030000|1|대지|703||서울특별시 종로구 창신동 703|111104100020|서울특별시 종로구 낙산길|196||1111017400107030000003053|나선약국|서울특별시 종로구 낙산길 196|110540|03092||1||127.012049391481|37.5813120287811
21765232|세진냉동설비공사||D|소매|D21|철물/난방/건설자재소매|D21A02|보일러/냉난방용품|G47511|철물 및 난방용구 소매업|11|서울특별시|11110|종로구|1111067000|창신1동|1111017400|창신동|1111017400203950005|1|대지|395|5|서울특별시 종로구 창신동 395-5|111104100388|서울특별시 종로구 지봉로4가길|1||1111017400103950005005293|합성빌딩|서울특별시 종로구 지봉로4가길 1|110540|03118||||127.016622505381|37.5710512967886
22181890|영원주단||D|소매|D05|의복의류|D05A18|섬유/직물/주단|G47419|기타 섬유, 직물 및 의복액세서리 소매업|11|서울특별시|11110|종로구|1111068000|창신2동|1111017400|창신동|1111017400206290044|1|대지|629|44|서울특별시 종로구 창신동 629-44|111104100023|서울특별시 종로구 낙산성곽동길|48|1|1111017400106290044003850||서울특별시 종로구 낙산성곽동길 48-1|110540|03089||1||127.0092797697|37.5767205336665
22207725|삼성쌀상회||D|소매|D01|음/식료품소매|D01A14|미곡상|G47211|곡물 소매업|11|서울특별시|11110|종로구|1111067000|창신1동|1111017400|창신동|1111017400204010015|1|대지|401|15|서울특별시 종로구 창신동 401-15|111104100387|서울특별시 종로구 지봉로2길|13||1111017400104010017005322||서울특별시 종로구 지봉로2길 13|110540|03118||||127.017193667811|37.5706595940567
22215894|도장마을고무인||D|소매|D08|사무/문구/컴퓨터|D08A10|인장/도장|G47612|문구용품 소매업|11|서울특별시|11110|종로구|1111067000|창신1동|1111017400|창신동|1111017400201250000|1|대지|125||서울특별시 종로구 창신동 125|111104100390|서울특별시 종로구 지봉로5길|42||1111017400101260000006280|동보타운|서울특별시 종로구 지봉로5길 42|110540|03103||1||127.014151807966|37.5755629361473
22213623|성훈사||D|소매|D05|의복의류|D05A05|아동복판매|G47416|셔츠 및 기타 의복 소매업|11|서울특별시|11110|종로구|1111068000|창신2동|1111017400|창신동|1111017400206600023|1|대지|660|23|서울특별시 종로구 창신동 660-23|111104100021|서울특별시 종로구 낙산성곽1길|29|4|1111017400106600023004923||서울특별시 종로구 낙산성곽1길 29-4|110540|03101||||127.009561639769|37.5733890420369
22202849|삼양냉동||D|소매|D21|철물/난방/건설자재소매|D21A02|보일러/냉난방용품|G47511|철물 및 난방용구 소매업|11|서울특별시|11110|종로구|1111067000|창신1동|1111017400|창신동|1111017400203970000|1|대지|397||서울특별시 종로구 창신동 397|111104100389|서울특별시 종로구 지봉로4길|34||1111017400103970000000396||서울특별시 종로구 지봉로4길 34|110540|03118||||127.017719981476|37.5710964754875
22300927|피아노나라||R|학문/교육|R05|학원-음악미술무용|R05A02|피아노/바이올린/기타|P85620|예술 학원|11|서울특별시|11110|종로구|1111058000|교남동|1111018100|행촌동|1111018100202100081|1|대지|210|81|서울특별시 종로구 행촌동 210-81|111104100130|서울특별시 종로구 사직로1마길|6||1111018100102100081020355||서울특별시 종로구 사직로1마길 6|110091|03026||2||126.962521223247|37.5744356688264
21793971|성심파출부||F|생활서비스|F05|인력/고용/용역알선|F05A01|가사도우미알선|N75110|고용알선업|11|서울특별시|11110|종로구|1111058000|교남동|1111018100|행촌동|1111018100202090035|1|대지|209|35|서울특별시 종로구 행촌동 209-35|111103100005|서울특별시 종로구 사직로|5||1111018100102090035019899||서울특별시 종로구 사직로 5|110091|03029||||126.960914766503|37.5727275856137
25464346|텐지노그룹||F|생활서비스|F13|기타서비스업|F13A11|패션디자인|M73209|기타 전문 디자인업|11|서울특별시|11110|종로구|1111058000|교남동|1111018100|행촌동|1111018100201710028|1|대지|171|28|서울특별시 종로구 행촌동 171-28|111104100126|서울특별시 종로구 사직로1길|7|3|1111018100101710028020736|상덕주택|서울특별시 종로구 사직로1길 7-3|110091|03029||1|401|126.962338226226|37.5729383352697
24104683|현대슈퍼||D|소매|D03|종합소매점|D03A02|수퍼마켓|G47121|슈퍼마켓|11|서울특별시|11110|종로구|1111058000|교남동|1111018100|행촌동|1111018100202100016|1|대지|210|16|서울특별시 종로구 행촌동 210-16|111104100261|서울특별시 종로구 인왕산로1길|72||1111018100102100016020485||서울특별시 종로구 인왕산로1길 72|110091|03026|||2|126.962198286534|37.5764962093627
24154677|서울메디칼보조기||D|소매|D20|의약/의료품소매|D20A01|의료용품소매|G47811|의약품 및 의료용품 소매업|11|서울특별시|11110|종로구|1111058000|교남동|1111018100|행촌동|1111018100202090076|1|대지|209|76|서울특별시 종로구 행촌동 209-76|111104100478|서울특별시 종로구 통일로12길|6||1111018100102090076019430||서울특별시 종로구 통일로12길 6|110091|03029||지||126.959969766694|37.5731157209788
23498438|무악||F|생활서비스|F01|이/미용/건강|F01A04|남성미용실|S96111|이용업|11|서울특별시|11110|종로구|1111058000|교남동|1111018100|행촌동|1111018100202100108|1|대지|210|108|서울특별시 종로구 행촌동 210-108|111104100478|서울특별시 종로구 통일로12길|68|2|1111018100102100108000035||서울특별시 종로구 통일로12길 68-2|110091|03026||1||126.961920984153|37.5752683582447
24083469|다우리미용실||F|생활서비스|F01|이/미용/건강|F01A01|여성미용실|S96112|두발미용업|11|서울특별시|11110|종로구|1111058000|교남동|1111018100|행촌동|1111018100202100202|1|대지|210|202|서울특별시 종로구 행촌동 210-202|111104100478|서울특별시 종로구 통일로12길|54|1|1111018100102100203020186||서울특별시 종로구 통일로12길 54-1|110091|03029||||126.961850753003|37.5746189925422
20623631|유리네집||Q|음식|Q04|분식|Q04A01|라면김밥분식|I56194|분식 및 김밥 전문점|11|서울특별시|11110|종로구|1111058000|교남동|1111018100|행촌동|1111018100202100017|1|대지|210|17|서울특별시 종로구 행촌동 210-17|111104100261|서울특별시 종로구 인왕산로1길|70||1111018100102100017019855||서울특별시 종로구 인왕산로1길 70|110091|03026||||126.962244565598|37.5764245331182
20628646|부흥떡방||Q|음식|Q08|제과제빵떡케익|Q08A03|떡전문|I56191|제과점업|11|서울특별시|11110|종로구|1111056000|평창동|1111018300|평창동|1111018300201820009|1|대지|182|9|서울특별시 종로구 평창동 182-9|111104100487|서울특별시 종로구 평창11길|8||1111018300101820025023478||서울특별시 종로구 평창11길 8|110847|03009|||102|126.967037418803|37.6064440692301
21766980|투투이사||F|생활서비스|F04|운송/배달/택배|F04A06|종합이삿짐대행|H49311|일반 화물자동차 운송업|11|서울특별시|11110|종로구|1111056000|평창동|1111018200|구기동|1111018200200400000|1|대지|40||서울특별시 종로구 구기동 40|111104100556|서울특별시 종로구 홍지문길|64||1111018200100400000021379|동익빌라|서울특별시 종로구 홍지문길 64|110803|03013||1||126.95844379974|37.6046385505072
21760130|이온압구정점|압구정점|D|소매|D05|의복의류|D05A01|일반의류|G47416|셔츠 및 기타 의복 소매업|11|서울특별시|11110|종로구|1111056000|평창동|1111018300|평창동|1111018300205450004|1|대지|545|4|서울특별시 종로구 평창동 545-4|111104100519|서울특별시 종로구 평창길|128||1111018300105450004022719||서울특별시 종로구 평창길 128|110849|03006||2||126.965872799697|37.6128492325363
21766236|서울옥션||D|소매|D17|예술품/골동품/수석/분재|D17A03|화랑|G47841|예술품 및 골동품 소매업|11|서울특별시|11110|종로구|1111056000|평창동|1111018300|평창동|1111018300204650010|1|대지|465|10|서울특별시 종로구 평창동 465-10|111104100504|서울특별시 종로구 평창31길|11||1111018300104650010023826||서울특별시 종로구 평창31길 11|110848|03004||1||126.975872824945|37.6112965602474
22215389|백산에이앤씨||D|소매|D25|기타판매업|D25A08|유류판매|G47722|가정용 액체연료 소매업|11|서울특별시|11110|종로구|1111056000|평창동|1111018300|평창동|1111018300204960010|1|대지|496|10|서울특별시 종로구 평창동 496-10|111104100497|서울특별시 종로구 평창22길|14||1111018300104960010021779||서울특별시 종로구 평창22길 14|110848|03004||1||126.970956186444|37.6121908642238
22197103|동양강철||F|생활서비스|F15|주택수리|F15A04|유리창호|F42420|유리 및 창호 공사업|11|서울특별시|11110|종로구|1111056000|평창동|1111018300|평창동|1111018300201790005|1|대지|179|5|서울특별시 종로구 평창동 179-5|111104100488|서울특별시 종로구 평창12길|14|4|1111018300101790005000001||서울특별시 종로구 평창12길 14-4|110847|03009||||126.967573386745|37.6069983905102
22205333|CAB유통||D|소매|D05|의복의류|D05A01|일반의류|G47416|셔츠 및 기타 의복 소매업|11|서울특별시|11110|종로구|1111056000|평창동|1111018300|평창동|1111018300205960000|1|대지|596||서울특별시 종로구 평창동 596|111103100023|서울특별시 종로구 평창문화로|170||1111018300105960000023453|상가|서울특별시 종로구 평창문화로 170|110849|03010||||126.978122576176|37.6107754424235
22985385|그린||F|생활서비스|F02|세탁/가사서비스|F02A01|세탁소/빨래방|S96912|가정용 세탁업|11|서울특별시|11110|종로구|1111056000|평창동|1111018300|평창동|1111018300205960000|1|대지|596||서울특별시 종로구 평창동 596|111103100023|서울특별시 종로구 평창문화로|170||1111018300105960000023453|상가|서울특별시 종로구 평창문화로 170|110849|03010|101|1|101|126.978122576176|37.6107754424235
23464585|아이시스팬텍||F|생활서비스|F15|주택수리|F15A02|미장타일도배도장|||11|서울특별시|11110|종로구|1111056000|평창동|1111018300|평창동|1111018300201110014|1|대지|111|14|서울특별시 종로구 평창동 111-14|111104100509|서울특별시 종로구 평창36길|18||1111018300101110014022791||서울특별시 종로구 평창36길 18|110846|03004||1||126.977997719505|37.6124502857442
23418689|더팰로우||L|부동산|L03|분양|L03A01|주택공급|L68121|주거용 건물 개발 및 공급업|11|서울특별시|11110|종로구|1111056000|평창동|1111018200|구기동|1111018200200850009|1|대지|85|9|서울특별시 종로구 구기동 85-9|111103100020|서울특별시 종로구 진흥로|439||1111018200100850009022284|인왕빌딩|서울특별시 종로구 진흥로 439|110803|03007|||403|126.957590388742|37.6081720790866
24092813|블루핀투나||N|관광/여가/오락|N07|놀이/여가/취미|N07A11|기타오락관련산업|R91299|그외 기타 분류안된 오락관련 서비스업|11|서울특별시|11110|종로구|1111056000|평창동|1111018200|구기동|1111018200201300000|1|대지|130||서울특별시 종로구 구기동 130|111104100122|서울특별시 종로구 비봉길|14||1111018200101200015021891|현대구기빌라|서울특별시 종로구 비봉길 14|110804|03007|5|1|206|126.956672724224|37.6098128609715
24776848|스파서울||F|생활서비스|F01|이/미용/건강|F01A03|비만/피부관리|||11|서울특별시|11110|종로구|1111056000|평창동|1111018300|평창동|1111018300204420005|1|대지|442|5|서울특별시 종로구 평창동 442-5|111104100519|서울특별시 종로구 평창길|299|2|1111018300104420005021242||서울특별시 종로구 평창길 299-2|110848|03003||3||126.97667155087|37.6158266816351
24279893|오성인터내셔날||D|소매|D03|종합소매점|D03A02|수퍼마켓|G47121|슈퍼마켓|11|서울특별시|11110|종로구|1111056000|평창동|1111018200|구기동|1111018200201100001|1|대지|110|1|서울특별시 종로구 구기동 110-1|111103100020|서울특별시 종로구 진흥로|432||1111018200101100001021627|요진오피스텔쉐레이|서울특별시 종로구 진흥로 432|110803|03012||1|40|126.956559609636|37.6081809901496
24799436|미래우리개발||F|생활서비스|F13|기타서비스업|F13A01|사업경영상담|M71531|경영컨설팅업|11|서울특별시|11110|종로구|1111056000|평창동|1111018200|구기동|1111018200200210003|1|대지|21|3|서울특별시 종로구 구기동 21-3|111104100188|서울특별시 종로구 세검정로9길|73||1111018200100210003021791||서울특별시 종로구 세검정로9길 73|110803|03013||1|102|126.959692508632|37.6060551781719
24825323|로커스||F|생활서비스|F13|기타서비스업|F13A01|사업경영상담|M71531|경영컨설팅업|11|서울특별시|11110|종로구|1111056000|평창동|1111018200|구기동|1111018200201600003|1|대지|160|3|서울특별시 종로구 구기동 160-3|111104100120|서울특별시 종로구 비봉4길|40||1111018200101600003022128|건덕빌라|서울특별시 종로구 비봉4길 40|110804|03001|1|2|205|126.957876329474|37.6128419575909
25058073|대륜네트워크||F|생활서비스|F05|인력/고용/용역알선|F05A02|인력공급/고용알선|||11|서울특별시|11110|종로구|1111056000|평창동|1111018300|평창동|1111018300201790001|1|대지|179|1|서울특별시 종로구 평창동 179-1|111104100488|서울특별시 종로구 평창12길|16|6|1111018300101770001022041|평창삼호빌라|서울특별시 종로구 평창12길 16-6|110847|03009||1|301|126.967197690453|37.6071392686619
25044256|씨앤건설노무컨설팅||F|생활서비스|F13|기타서비스업|F13A01|사업경영상담|M71531|경영컨설팅업|11|서울특별시|11110|종로구|1111056000|평창동|1111018300|평창동|1111018300203690001|1|대지|369|1|서울특별시 종로구 평창동 369-1|111104100487|서울특별시 종로구 평창11길|48|6|1111018300103690001022209||서울특별시 종로구 평창11길 48-6|110847|03005||1||126.966745412238|37.6095410713931
25064005|엠엠유엔코리아||F|생활서비스|F13|기타서비스업|F13A13|상품전시|N75992|전시 및 행사 대행업|11|서울특별시|11110|종로구|1111056000|평창동|1111018300|평창동|1111018300203870023|1|대지|387|23|서울특별시 종로구 평창동 387-23|111104100491|서울특별시 종로구 평창15길|18|1|1111018300103870023021624||서울특별시 종로구 평창15길 18-1|110847|03006||2||126.965138729838|37.6110587505173
25413537|국제인성교육개발원||R|학문/교육|R09|학원기타|R09A01|학원(종합)|P85501|일반 교과 학원|11|서울특별시|11110|종로구|1111056000|평창동|1111018300|평창동|1111018300205490018|1|대지|549|18|서울특별시 종로구 평창동 549-18|111104100492|서울특별시 종로구 평창16길|16|1|1111018300105490018022734||서울특별시 종로구 평창16길 16-1|110849|03006||2||126.965792831911|37.6112627122974
20289305|커피에비뉴||Q|음식|Q12|커피점/카페|Q12A01|커피전문점/카페/다방|I56220|비알콜 음료점업|11|서울특별시|11110|종로구|1111056000|평창동|1111018300|평창동|1111018300201580001|1|대지|158|1|서울특별시 종로구 평창동 158-1|111103100023|서울특별시 종로구 평창문화로|75||1111018300101580001000001|글로리아타운|서울특별시 종로구 평창문화로 75|110847|03009||1||126.96899104341|37.6068576084862
21748340|다인그래픽||F|생활서비스|F12|광고/인쇄|F12A02|간판제작종합|C33910|간판 및 광고물 제조업|11|서울특별시|11110|종로구|1111056000|평창동|1111018300|평창동|1111018300202900022|1|대지|290|22|서울특별시 종로구 평창동 290-22|111103100023|서울특별시 종로구 평창문화로|25||1111018300102900022022782||서울특별시 종로구 평창문화로 25|110847|03008||2||126.964264690467|37.6046627493941
21749257|바우만염료||D|소매|D05|의복의류|D05A18|섬유/직물/주단|G47419|기타 섬유, 직물 및 의복액세서리 소매업|11|서울특별시|11110|종로구|1111056000|평창동|1111018300|평창동|1111018300204360008|1|대지|436|8|서울특별시 종로구 평창동 436-8|111104100519|서울특별시 종로구 평창길|332||1111018300104360008023301||서울특별시 종로구 평창길 332|110848|03004||2||126.978113297042|37.6131090418802
21756488|일랑미술관||D|소매|D17|예술품/골동품/수석/분재|D17A03|화랑|G47841|예술품 및 골동품 소매업|11|서울특별시|11110|종로구|1111056000|평창동|1111018300|평창동|1111056000205780003|1|대지|578|3|서울특별시 종로구 평창동 578-3|111104100496|서울특별시 종로구 평창21길|21||1111018300105780003022543||서울특별시 종로구 평창21길 21|110849|03009||||126.970123143085|37.6085344078842
21763026|태영공인중개사사무소||L|부동산|L01|부동산중개|L01A01|부동산중개|L68221|부동산 자문 및 중개업|11|서울특별시|11110|종로구|1111056000|평창동|1111018300|평창동|1111018300204620002|1|대지|462|2|서울특별시 종로구 평창동 462-2|111104100503|서울특별시 종로구 평창30길|31||1111018300104620002022805|엘리에셀|서울특별시 종로구 평창30길 31|110848|03004||||126.974902107966|37.6127027559308
21813262|워터비스사당점|사당점|D|소매|D01|음/식료품소매|D01A19|생수판매|G47221|음료 소매업|11|서울특별시|11110|종로구|1111056000|평창동|1111018300|평창동|1111018300200720000|1|대지|72||서울특별시 종로구 평창동 72|111103100023|서울특별시 종로구 평창문화로|140||1111018300100720000023446|롯데아파트낙천대|서울특별시 종로구 평창문화로 140|110846|03010||1||126.975396324375|37.6088776508216
21766806|서울종합설비인테리어||D|소매|D07|가정/주방/인테리어|D07A01|인테리어/욕실용품/커튼|G47599|그외 기타 분류안된 가정용품 소매업|11|서울특별시|11110|종로구|1111056000|평창동|1111018300|평창동|1111018300201160014|1|대지|116|14|서울특별시 종로구 평창동 116-14|111104100509|서울특별시 종로구 평창36길|19|3|1111018300101160014022971||서울특별시 종로구 평창36길 19-3|110846|03004||2||126.977304167995|37.6126425047296
22197094|서울옥션||D|소매|D17|예술품/골동품/수석/분재|D17A03|화랑|G47841|예술품 및 골동품 소매업|11|서울특별시|11110|종로구|1111056000|평창동|1111018300|평창동|1111018300200970000|1|대지|97||서울특별시 종로구 평창동 97|111104100503|서울특별시 종로구 평창30길|28||1111018300100970000023470|가나아트센타|서울특별시 종로구 평창30길 28|110846|03004||1||126.975158434068|37.6121823823766
22197111|평창서점||D|소매|D13|책/서적/도서|D13A01|서점|G47611|서적 및 잡지류 소매업|11|서울특별시|11110|종로구|1111056000|평창동|1111018300|평창동|1111018300203090001|1|대지|309|1|서울특별시 종로구 평창동 309-1|111103100023|서울특별시 종로구 평창문화로|47||1111018300103090001021299||서울특별시 종로구 평창문화로 47|110847|03008||||126.966618065688|37.6056474873267
22197001|모뉴망미술학원||R|학문/교육|R05|학원-음악미술무용|R05A01|서예/서화/미술|P85620|예술 학원|11|서울특별시|11110|종로구|1111056000|평창동|1111018200|구기동|1111018200202300042|1|대지|230|42|서울특별시 종로구 구기동 230-42|111104100121|서울특별시 종로구 비봉5길|23|6|1111018200102300042021574||서울특별시 종로구 비봉5길 23-6|110804|03000||3||126.953699196714|37.6134807691686
22205461|금선사납골당||F|생활서비스|F18|장례/묘지|F18A02|묘지관리-종합|S96922|화장, 묘지분양 및 관리업|11|서울특별시|11110|종로구|1111056000|평창동|1111018200|구기동|1111018200201960002|1|대지|196|2|서울특별시 종로구 구기동 196-2|111104100122|서울특별시 종로구 비봉길|137||1111018200101960001032030|금선사|서울특별시 종로구 비봉길 137|110804|03000||1||126.953405266046|37.6207134503976
22296969|명작||D|소매|D05|의복의류|D05A03|여성의류전문점|||11|서울특별시|11110|종로구|1111058000|교남동|1111018100|행촌동|1111018100202090044|1|대지|209|44|서울특별시 종로구 행촌동 209-44|111104100478|서울특별시 종로구 통일로12길|10|13|1111018100102090044020207||서울특별시 종로구 통일로12길 10-13|110091|03029||1||126.960697199108|37.5729058781859
24368101|할머니가게||D|소매|D03|종합소매점|D03A02|수퍼마켓|G47121|슈퍼마켓|11|서울특별시|11110|종로구|1111058000|교남동|1111018100|행촌동|1111018100201710084|1|대지|171|84|서울특별시 종로구 행촌동 171-84|111104100260|서울특별시 종로구 인왕산로1가길|3||1111018100101710085019907||서울특별시 종로구 인왕산로1가길 3|110091|03026||||126.963734312039|37.5734912224662
20844078|강화상회||D|소매|D01|음/식료품소매|D01A14|미곡상|G47211|곡물 소매업|11|서울특별시|11110|종로구|1111058000|교남동|1111018100|행촌동|1111018100202100662|1|대지|210|662|서울특별시 종로구 행촌동 210-662|111104100478|서울특별시 종로구 통일로12길|24|23|1111018100102100662019565||서울특별시 종로구 통일로12길 24-23|110091|03029||3||126.9612871033|37.5736319016275
25453055|독립문교회어린이집||R|학문/교육|R09|학원기타|R09A01|학원(종합)|P85501|일반 교과 학원|11|서울특별시|11110|종로구|1111058000|교남동|1111018100|행촌동|1111018100202100167|1|대지|210|167|서울특별시 종로구 행촌동 210-167|111104100127|서울특별시 종로구 사직로1나길|32||1111018100102100167031725|독립문교회|서울특별시 종로구 사직로1나길 32|110091|03026||||126.962903708454|37.5746102272019
22258027|KD정보기술||F|생활서비스|F07|물품기기대여|F07A10|사무기기대여|L69320|컴퓨터 및 사무용 기계장비 임대업|11|서울특별시|11110|종로구|1111058000|교남동|1111018100|행촌동|1111018100201800017|1|대지|180|17|서울특별시 종로구 행촌동 180-17|111104100192|서울특별시 종로구 송월길|148||1111018100101800017020225||서울특별시 종로구 송월길 148|110091|03166||||126.962195885902|37.5717747431554
22280058|제록스종로중구지점|중구지점|D|소매|D08|사무/문구/컴퓨터|D08A02|사무용기기소매|G47821|사무용 기기 소매업|11|서울특별시|11110|종로구|1111058000|교남동|1111018100|행촌동|1111018100202100111|1|대지|210|111|서울특별시 종로구 행촌동 210-111|111104100478|서울특별시 종로구 통일로12길|64|2|1111018100102100111019559||서울특별시 종로구 통일로12길 64-2|110091|03026||1||126.961866763008|37.5750966840151
22300930|인창케이씨씨||D|소매|D07|가정/주방/인테리어|D07A01|인테리어/욕실용품/커튼|G47599|그외 기타 분류안된 가정용품 소매업|11|서울특별시|11110|종로구|1111058000|교남동|1111018100|행촌동|1111018100202100231|1|대지|210|231|서울특별시 종로구 행촌동 210-231|111104100478|서울특별시 종로구 통일로12길|40|34|1111018100102100232020520||서울특별시 종로구 통일로12길 40-34|110091|03029||||126.96181498118|37.5739338882338
22300925|가람어린이집||R|학문/교육|R08|유아교육|R08A02|어린이집|Q87210|보육시설 운영업|11|서울특별시|11110|종로구|1111058000|교남동|1111018100|행촌동|1111018100200010060|1|대지|1|60|서울특별시 종로구 행촌동 1-60|111104100191|서울특별시 종로구 송월1길|57|1|1111018100100010060019905||서울특별시 종로구 송월1길 57-1|110091|03166||1||126.964497599741|37.5723265690834
25179924|라테르||L|부동산|L03|분양|L03A04|건물분양-종합|||11|서울특별시|11110|종로구|1111058000|교남동|1111018100|행촌동|1111018100202100044|1|대지|210|44|서울특별시 종로구 행촌동 210-44|111104100478|서울특별시 종로구 통일로12길|88|4|1111018100102100044019856||서울특별시 종로구 통일로12길 88-4|110091|03026||1|201|126.962111980652|37.5761890973672
24987857|강변노래방||N|관광/여가/오락|N02|무도/유흥/가무|N02A01|노래방|R91223|노래연습장 운영업|11|서울특별시|11110|종로구|1111058000|교남동|1111018100|행촌동|1111018100202090008|1|대지|209|8|서울특별시 종로구 행촌동 209-8|111104100478|서울특별시 종로구 통일로12길|8||1111018100102090008019746||서울특별시 종로구 통일로12길 8|110091|03029||||126.960081956237|37.5731887924731
23151095|국제||F|생활서비스|F02|세탁/가사서비스|F02A01|세탁소/빨래방|S96912|가정용 세탁업|11|서울특별시|11110|종로구|1111058000|교남동|1111018100|행촌동|1111018100202100119|1|대지|210|119|서울특별시 종로구 행촌동 210-119|111104100126|서울특별시 종로구 사직로1길|60||1111018100102100119019447||서울특별시 종로구 사직로1길 60|110091|03026||||126.961972640302|37.5748092826062
26385614|정현미용실||F|생활서비스|F01|이/미용/건강|F01A01|여성미용실|S96112|두발미용업|11|서울특별시|11110|종로구|1111058000|교남동|1111018100|행촌동|1111018100202100120|1|대지|210|120|서울특별시 종로구 행촌동 210-120|111104100126|서울특별시 종로구 사직로1길|58|1|1111018100102100120019735||서울특별시 종로구 사직로1길 58-1|110091|03026||||126.962018793444|37.5747466157084
24933312|성화코리아||D|소매|D08|사무/문구/컴퓨터|D08A01|사무/문구용품|G47612|문구용품 소매업|11|서울특별시|11110|종로구|1111058000|교남동|1111018100|행촌동|1111018100202100683|1|대지|210|683|서울특별시 종로구 행촌동 210-683|111104100478|서울특별시 종로구 통일로12길|24|20|1111018100102090067020201||서울특별시 종로구 통일로12길 24-20|110091|03029||||126.961088363025|37.5732697370554
24907108|더블제이||D|소매|D20|의약/의료품소매|D20A01|의료용품소매|G47811|의약품 및 의료용품 소매업|11|서울특별시|11110|종로구|1111058000|교남동|1111018100|행촌동|1111018100202100120|1|대지|210|120|서울특별시 종로구 행촌동 210-120|111104100126|서울특별시 종로구 사직로1길|58|1|1111018100102100120019735||서울특별시 종로구 사직로1길 58-1|110091|03026||||126.962018793444|37.5747466157084
23103617|일신건설||F|생활서비스|F02|세탁/가사서비스|F02A05|청소/소독|||11|서울특별시|11110|종로구|1111058000|교남동|1111018100|행촌동|1111018100201710001|1|대지|171|1|서울특별시 종로구 행촌동 171-1|111103100005|서울특별시 종로구 사직로|9||1111018100101710010020841|대신중고등학교|서울특별시 종로구 사직로 9|110091|03029||2||126.961237640091|37.5731178740493
25069956|아이비클럽||D|소매|D05|의복의류|D05A01|일반의류|G47416|셔츠 및 기타 의복 소매업|11|서울특별시|11110|종로구|1111058000|교남동|1111018100|행촌동|1111018100201710001|1|대지|171|1|서울특별시 종로구 행촌동 171-1|111103100005|서울특별시 종로구 사직로|9||1111018100101710010020841|대신중고등학교|서울특별시 종로구 사직로 9|110091|03029||||126.961237640091|37.5731178740493
20582454|대신회집||Q|음식|Q03|일식/수산물|Q03A01|횟집|I56111|한식 음식점업|11|서울특별시|11110|종로구|1111058000|교남동|1111018100|행촌동|1111018100202090069|1|대지|209|69|서울특별시 종로구 행촌동 209-69|111104100478|서울특별시 종로구 통일로12길|10|16|1111018100102090069020323||서울특별시 종로구 통일로12길 10-16|110091|03029||||126.960517971127|37.5727691442339
24745230|GS25|종로행촌점|D|소매|D03|종합소매점|D03A01|편의점|G47122|체인화 편의점|11|서울특별시|11110|종로구|1111058000|교남동|1111018100|행촌동|1111018100202100210|1|대지|210|210|서울특별시 종로구 행촌동 210-210|111104100478|서울특별시 종로구 통일로12길|50|1|1111018100102100210020511||서울특별시 종로구 통일로12길 50-1|110091|03029||||126.961727365267|37.5745368138396
21759792|대우복사기서비스센타||F|생활서비스|F07|물품기기대여|F07A10|사무기기대여|L69320|컴퓨터 및 사무용 기계장비 임대업|11|서울특별시|11110|종로구|1111058000|교남동|1111018100|행촌동|1111018100201800017|1|대지|180|17|서울특별시 종로구 행촌동 180-17|111104100192|서울특별시 종로구 송월길|148||1111018100101800017020225||서울특별시 종로구 송월길 148|110091|03166||||126.962195885902|37.5717747431554
20390959|씽킹빅||D|소매|D03|종합소매점|D03A04|생활용품판매|G47190|그외 기타 종합 소매업|11|서울특별시|11110|종로구|1111058000|교남동|1111018100|행촌동|1111018100202100081|1|대지|210|81|서울특별시 종로구 행촌동 210-81|111104100130|서울특별시 종로구 사직로1마길|6||1111018100102100081020355||서울특별시 종로구 사직로1마길 6|110091|03026||||126.962521223247|37.5744356688264
25014522|대성종합건축||D|소매|D07|가정/주방/인테리어|D07A15|유리/페인트/철물건축자재|G47519|페인트, 유리 및 기타 건설자재 소매업|11|서울특별시|11110|종로구|1111058000|교남동|1111018100|행촌동|1111018100202100194|1|대지|210|194|서울특별시 종로구 행촌동 210-194|111104100478|서울특별시 종로구 통일로12길|40|44|1111018100102100194020170||서울특별시 종로구 통일로12길 40-44|110091|03029||1|10|126.961698285611|37.5741851528292
20473728|필앤럭||Q|음식|Q12|커피점/카페|Q12A01|커피전문점/카페/다방|I56220|비알콜 음료점업|11|서울특별시|11110|종로구|1111058000|교남동|1111018100|행촌동|1111018100202090035|1|대지|209|35|서울특별시 종로구 행촌동 209-35|111103100005|서울특별시 종로구 사직로|5||1111018100102090035019899||서울특별시 종로구 사직로 5|110091|03029||||126.960914766503|37.5727275856137
25134346|글로스타리테일||L|부동산|L03|분양|L03A04|건물분양-종합|||11|서울특별시|11110|종로구|1111058000|교남동|1111017700|평동|1111017700202190000|1|대지|219||서울특별시 종로구 평동 219|111103000008|서울특별시 종로구 통일로|132||1111017700102190000019541|박영빌딩|서울특별시 종로구 통일로 132|110102|03181||5||126.966446422563|37.5664688658763
21693149|중앙국제교육진흥원||F|생활서비스|F08|대행업|F08A07|이민유학알선|S96999|그외 기타 달리 분류되지 않은 개인 서비스업|11|서울특별시|11110|종로구|1111058000|교남동|1111017700|평동|1111017700200850015|1|대지|85|15|서울특별시 종로구 평동 85-15|111104100002|서울특별시 종로구 경교장길|8||1111017600100020002000001|중앙대학교평동캠퍼스|서울특별시 종로구 경교장길 8|110102|03181||||126.965950274894|37.5671493119299
22197714|현대자동차신문로영업소||D|소매|D23|자동차/자동차용품|D23A01|자동차판매|G45110|자동차 신품 판매업|11|서울특별시|11110|종로구|1111058000|교남동|1111017700|평동|1111017700202190000|1|대지|219||서울특별시 종로구 평동 219|111103000008|서울특별시 종로구 통일로|132||1111017700102190000019541|박영빌딩|서울특별시 종로구 통일로 132|110102|03181||1||126.966446422563|37.5664688658763
25218477|대호피에프브이||L|부동산|L03|분양|L03A04|건물분양-종합|||11|서울특별시|11110|종로구|1111058000|교남동|1111017700|평동|1111017700202190000|1|대지|219||서울특별시 종로구 평동 219|111103000008|서울특별시 종로구 통일로|132||1111017700102190000019541|박영빌딩|서울특별시 종로구 통일로 132|110102|03181||2|502|126.966446422563|37.5664688658763
21749818|하늘스튜디오||F|생활서비스|F06|사진|F06A01|사진관|M73301|인물사진 및 행사용비디오 촬영업|11|서울특별시|11110|종로구|1111058000|교남동|1111017700|평동|1111017700200130031|1|대지|13|31|서울특별시 종로구 평동 13-31|111104100001|서울특별시 종로구 경교장1길|4||1111017700100130031020263||서울특별시 종로구 경교장1길 4|110102|03180||||126.965872151495|37.5678874807397
21760673|현대자동차서대문지점|서대문지점|D|소매|D23|자동차/자동차용품|D23A01|자동차판매|G45110|자동차 신품 판매업|11|서울특별시|11110|종로구|1111058000|교남동|1111017700|평동|1111017700202190000|1|대지|219||서울특별시 종로구 평동 219|111103000008|서울특별시 종로구 통일로|132||1111017700102190000019541|박영빌딩|서울특별시 종로구 통일로 132|110102|03181||1||126.966446422563|37.5664688658763
23737150|넥스그룹||D|소매|D07|가정/주방/인테리어|D07A15|유리/페인트/철물건축자재|G47519|페인트, 유리 및 기타 건설자재 소매업|11|서울특별시|11110|종로구|1111058000|교남동|1111017700|평동|1111017700200200009|1|대지|20|9|서울특별시 종로구 평동 20-9|111104100002|서울특별시 종로구 경교장길|29|2|1111017700100200009019842||서울특별시 종로구 경교장길 29-2|110102|03180||3||126.966557595407|37.5682538992556
24162041|엘지이십오적십자병원점|적십자병원점|D|소매|D03|종합소매점|D03A01|편의점|G47122|체인화 편의점|11|서울특별시|11110|종로구|1111058000|교남동|1111017700|평동|1111017700201640000|1|대지|164||서울특별시 종로구 평동 164|111103005004|서울특별시 종로구 새문안로|9||1111017700101640000019629|적십자병원|서울특별시 종로구 새문안로 9|110747|03181||1||126.96718956735|37.5667546922405
20390990|그라찌에|적십자간호대학점|Q|음식|Q12|커피점/카페|Q12A01|커피전문점/카페/다방|I56220|비알콜 음료점업|11|서울특별시|11110|종로구|1111058000|교남동|1111017700|평동|1111017700200850015|1|대지|85|15|서울특별시 종로구 평동 85-15|111104100002|서울특별시 종로구 경교장길|8||1111017600100020002000001|중앙대학교평동캠퍼스|서울특별시 종로구 경교장길 8|110102|03181||1||126.965950274894|37.5671493119299